Entity,Code,Year,Number of people using the Internet
Afghanistan,AFG,1990,0
Afghanistan,AFG,2001,957.94025
Afghanistan,AFG,2002,975.14044
Afghanistan,AFG,2003,19980.361
Afghanistan,AFG,2004,24929.3
Afghanistan,AFG,2005,298748.03
Afghanistan,AFG,2006,535717.1
Afghanistan,AFG,2007,492287.2
Afghanistan,AFG,2008,487280.25
Afghanistan,AFG,2009,975046.6
Afghanistan,AFG,2010,1131363.5
Afghanistan,AFG,2011,1467385.4
Afghanistan,AFG,2012,1666897
Afghanistan,AFG,2013,1865739.5
Afghanistan,AFG,2014,2295476.5
Afghanistan,AFG,2015,2794503.8
Afghanistan,AFG,2016,3817067.2
Afghanistan,AFG,2017,4818006.5
Afghanistan,AFG,2018,6172830.5
Afghanistan,AFG,2019,6662677.5
Afghanistan,AFG,2020,6660675
Afghanistan,AFG,2021,6605788
Afghanistan,AFG,2022,6438360.5
Afghanistan,AFG,2023,6603080
Afghanistan,AFG,2024,6864113.5
Albania,ALB,1990,0
Albania,ALB,1995,357.0318
Albania,ALB,1996,1020.1066
Albania,ALB,1997,1530.0646
Albania,ALB,1998,2033.5446
Albania,ALB,1999,2530.5452
Albania,ALB,2000,3524.498
Albania,ALB,2001,9969.993
Albania,ALB,2002,11901.419
Albania,ALB,2003,29542.04
Albania,ALB,2004,73263.664
Albania,ALB,2005,182010.98
Albania,ALB,2006,287583.75
Albania,ALB,2007,446574.72
Albania,ALB,2008,703229.1
Albania,ALB,2009,1206137.9
Albania,ALB,2010,1310859.4
Albania,ALB,2011,1365441.6
Albania,ALB,2012,1413189.8
Albania,ALB,2013,1459155.2
Albania,ALB,2014,1506155.4
Albania,ALB,2015,1554105.8
Albania,ALB,2016,1602923.4
Albania,ALB,2017,1652529.9
Albania,ALB,2018,1705457.5
Albania,ALB,2019,1760237.6
Albania,ALB,2020,1826515.2
Albania,ALB,2021,1974971.8
Albania,ALB,2022,2025386.6
Albania,ALB,2023,2004946
Albania,ALB,2024,2041094.9
Algeria,DZA,1990,0
Algeria,DZA,1994,100.67308
Algeria,DZA,1995,503.9224
Algeria,DZA,1996,505.17496
Algeria,DZA,1997,3046.668
Algeria,DZA,1998,6070.9346
Algeria,DZA,1999,60948.71
Algeria,DZA,2000,151956.2
Algeria,DZA,2001,202435.39
Algeria,DZA,2002,505359.4
Algeria,DZA,2003,706374.94
Algeria,DZA,2004,1512149.9
Algeria,DZA,2005,1934871.5
Algeria,DZA,2006,2480065
Algeria,DZA,2007,3231307
Algeria,DZA,2008,3544366.8
Algeria,DZA,2009,3985576.8
Algeria,DZA,2010,4523529.5
Algeria,DZA,2011,5498602.5
Algeria,DZA,2012,6851602.5
Algeria,DZA,2013,8643188
Algeria,DZA,2014,11565484
Algeria,DZA,2015,15287460
Algeria,DZA,2016,17543546
Algeria,DZA,2017,19882086
Algeria,DZA,2018,20843818
Algeria,DZA,2019,24154330
Algeria,DZA,2020,27954704
Algeria,DZA,2021,32323066
Algeria,DZA,2022,34008676
Algeria,DZA,2023,35176028
Algeria,DZA,2024,36242610
American Samoa,ASM,1990,0
Andorra,AND,1990,0
Andorra,AND,1996,978.9552
Andorra,AND,1997,1973.35
Andorra,AND,1998,4504.8193
Andorra,AND,1999,5020.2437
Andorra,AND,2000,6922.434
Andorra,AND,2002,7488.887
Andorra,AND,2003,9412.86
Andorra,AND,2004,19947.309
Andorra,AND,2005,29114.76
Andorra,AND,2006,38946.39
Andorra,AND,2007,58026.23
Andorra,AND,2008,58479.9
Andorra,AND,2009,65877.25
Andorra,AND,2010,65371.86
Andorra,AND,2011,63004.23
Andorra,AND,2012,63541.715
Andorra,AND,2013,63463.74
Andorra,AND,2014,63487.56
Andorra,AND,2015,63440.945
Andorra,AND,2016,64746.355
Andorra,AND,2017,67542.914
Andorra,AND,2018,70276.47
Andorra,AND,2019,69376.22
Andorra,AND,2020,72122.57
Andorra,AND,2021,73581.836
Andorra,AND,2022,74963.91
Andorra,AND,2023,76178.48
Andorra,AND,2024,77347.51
Angola,AGO,1990,0
Angola,AGO,1996,109.96675
Angola,AGO,1997,831.2454
Angola,AGO,1998,2804.4834
Angola,AGO,1999,11280.408
Angola,AGO,2000,17011.99
Angola,AGO,2001,22778.525
Angola,AGO,2002,46850.07
Angola,AGO,2003,66514.12
Angola,AGO,2004,86457.484
Angola,AGO,2005,220575.14
Angola,AGO,2006,300229.2
Angola,AGO,2007,353235.56
Angola,AGO,2008,409994.44
Angola,AGO,2009,515539.78
Angola,AGO,2010,652255.06
Angola,AGO,2011,1138262.5
Angola,AGO,2012,1938659.4
Angola,AGO,2013,3401530.5
Angola,AGO,2014,5802176
Angola,AGO,2015,6194715.5
Angola,AGO,2016,6770472.5
Angola,AGO,2017,7861058
Angola,AGO,2018,9076175
Angola,AGO,2019,10402096
Angola,AGO,2020,11146219
Angola,AGO,2021,11933199
Angola,AGO,2022,12770882
Angola,AGO,2023,13923032
Angola,AGO,2024,15421359
Antigua and Barbuda,ATG,1990,0
Antigua and Barbuda,ATG,1995,1500.158
Antigua and Barbuda,ATG,1996,1990.9032
Antigua and Barbuda,ATG,1997,2472.6445
Antigua and Barbuda,ATG,1998,2947.1687
Antigua and Barbuda,ATG,1999,3904.2983
Antigua and Barbuda,ATG,2000,4855.965
Antigua and Barbuda,ATG,2001,6769.5977
Antigua and Barbuda,ATG,2002,9629
Antigua and Barbuda,ATG,2003,13418.361
Antigua and Barbuda,ATG,2004,19102.38
Antigua and Barbuda,ATG,2005,21494.97
Antigua and Barbuda,ATG,2006,24181.201
Antigua and Barbuda,ATG,2007,27779.36
Antigua and Barbuda,ATG,2008,31506.56
Antigua and Barbuda,ATG,2009,35352.66
Antigua and Barbuda,ATG,2010,40100.4
Antigua and Barbuda,ATG,2011,44892.637
Antigua and Barbuda,ATG,2012,50610.797
Antigua and Barbuda,ATG,2013,55832.58
Antigua and Barbuda,ATG,2014,60164.918
Antigua and Barbuda,ATG,2015,62586.3
Antigua and Barbuda,ATG,2016,63222.656
Antigua and Barbuda,ATG,2017,63819.92
Antigua and Barbuda,ATG,2018,64391.883
Antigua and Barbuda,ATG,2019,64953.043
Antigua and Barbuda,ATG,2020,65549.02
Antigua and Barbuda,ATG,2021,66163.72
Antigua and Barbuda,ATG,2022,66773.59
Antigua and Barbuda,ATG,2023,67303.33
Antigua and Barbuda,ATG,2024,68200.75
Argentina,ARG,1990,0
Argentina,ARG,1992,1007.43646
Argentina,ARG,1993,10075.052
Argentina,ARG,1994,15126.095
Argentina,ARG,1995,30265.428
Argentina,ARG,1996,50429.59
Argentina,ARG,1997,100653.81
Argentina,ARG,1998,302258.44
Argentina,ARG,1999,1206865.6
Argentina,ARG,2000,2619374.2
Argentina,ARG,2001,3680011.8
Argentina,ARG,2002,4138401
Argentina,ARG,2003,4577752
Argentina,ARG,2004,6224785.5
Argentina,ARG,2005,6949443.5
Argentina,ARG,2006,8291800.5
Argentina,ARG,2007,10383002
Argentina,ARG,2008,11364288
Argentina,ARG,2009,13890643
Argentina,ARG,2010,18579912
Argentina,ARG,2011,21282636
Argentina,ARG,2012,23526238
Argentina,ARG,2013,25506892
Argentina,ARG,2014,27836572
Argentina,ARG,2015,29583088
Argentina,ARG,2016,31155604
Argentina,ARG,2017,32904392
Argentina,ARG,2018,34696840
Argentina,ARG,2019,35954916
Argentina,ARG,2020,38645630
Argentina,ARG,2021,39489972
Argentina,ARG,2022,40129400
Argentina,ARG,2023,40633450
Argentina,ARG,2024,40974444
Armenia,ARM,1990,0
Armenia,ARM,1994,306.85242
Armenia,ARM,1995,1743.0952
Armenia,ARM,1996,3101.6833
Armenia,ARM,1997,3635.8438
Armenia,ARM,1998,4138.837
Armenia,ARM,1999,30754.348
Armenia,ARM,2000,41889.438
Armenia,ARM,2001,52387.5
Armenia,ARM,2002,62729.04
Armenia,ARM,2003,145606.28
Armenia,ARM,2004,155048.72
Armenia,ARM,2005,165280.39
Armenia,ARM,2006,176112.02
Armenia,ARM,2007,187105.88
Armenia,ARM,2008,191708.9
Armenia,ARM,2009,469098
Armenia,ARM,2010,761200
Armenia,ARM,2011,968928
Armenia,ARM,2012,1134037.5
Armenia,ARM,2013,1266218.1
Armenia,ARM,2014,1646222.1
Armenia,ARM,2015,1775743.8
Armenia,ARM,2016,1925426.4
Armenia,ARM,2017,1929008.9
Armenia,ARM,2018,2026195.5
Armenia,ARM,2019,1971364.6
Armenia,ARM,2020,2265775.5
Armenia,ARM,2021,2328730.8
Armenia,ARM,2022,2287105.8
Armenia,ARM,2023,2371340
Armenia,ARM,2024,2467427.8
Aruba,ABW,1990,0
Aruba,ABW,1996,2299.6816
Aruba,ABW,1999,4043.621
Aruba,ABW,2000,13989.345
Aruba,ABW,2001,15636.069
Aruba,ABW,2002,17309.912
Aruba,ABW,2003,19370.623
Aruba,ABW,2004,21881.74
Aruba,ABW,2005,24799.291
Aruba,ABW,2006,27833.4
Aruba,ABW,2007,30946.348
Aruba,ABW,2008,52476.84
Aruba,ABW,2009,58930.316
Aruba,ABW,2010,63139.56
Aruba,ABW,2011,70787.79
Aruba,ABW,2012,77041.4
Aruba,ABW,2013,83377.58
Aruba,ABW,2014,89482.9
Aruba,ABW,2015,95670.78
Aruba,ABW,2016,101705.91
Aruba,ABW,2017,105657.8
Australia,AUS,1990,99830.99
Australia,AUS,1991,190124.39
Australia,AUS,1992,309371.84
Australia,AUS,1993,347405.72
Australia,AUS,1994,397061.94
Australia,AUS,1995,496934.75
Australia,AUS,1996,597772.4
Australia,AUS,1997,3021378
Australia,AUS,1998,5731136
Australia,AUS,1999,7675403.5
Australia,AUS,2000,8897129
Australia,AUS,2001,10155699
Australia,AUS,2005,12711412
Australia,AUS,2006,13497638
Australia,AUS,2007,14464783
Australia,AUS,2008,15229300
Australia,AUS,2009,16106053
Australia,AUS,2010,16744130
Australia,AUS,2011,17757572
Australia,AUS,2012,17959438
Australia,AUS,2013,19301234
Australia,AUS,2014,19719576
Australia,AUS,2015,20138928
Australia,AUS,2016,20934812
Australia,AUS,2017,21283668
Australia,AUS,2018,22468978
Australia,AUS,2019,23715906
Australia,AUS,2020,24288170
Australia,AUS,2021,24907708
Australia,AUS,2022,25009038
Australia,AUS,2023,25624476
Australia,AUS,2024,26142248
Austria,AUT,1990,9981.205
Austria,AUT,1991,20085.168
Austria,AUT,1992,50415.758
Austria,AUT,1993,60478.094
Austria,AUT,1994,110312.04
Austria,AUT,1995,150222.45
Austria,AUT,1996,549968.06
Austria,AUT,1997,759354.25
Austria,AUT,1998,1228425.5
Austria,AUT,1999,1838234.5
Austria,AUT,2000,2702312
Austria,AUT,2001,3151409
Austria,AUT,2002,2954763.8
Austria,AUT,2003,3467847.8
Austria,AUT,2004,4435743
Austria,AUT,2005,4772140.5
Austria,AUT,2006,5258855.5
Austria,AUT,2007,5754579.5
Austria,AUT,2008,6063874.5
Austria,AUT,2009,6128170.5
Austria,AUT,2010,6286770.5
Austria,AUT,2011,6607579
Austria,AUT,2012,6746521
Austria,AUT,2013,6836331.5
Austria,AUT,2014,6922192
Austria,AUT,2015,7254694
Austria,AUT,2016,7367085.5
Austria,AUT,2017,7736191
Austria,AUT,2018,7733611
Austria,AUT,2019,7792325.5
Austria,AUT,2020,7804880
Austria,AUT,2021,8286723
Austria,AUT,2022,8464446
Austria,AUT,2023,8705734
Austria,AUT,2024,8711717
Austria,AUT,2025,8464671
Azerbaijan,AZE,1990,0
Azerbaijan,AZE,1994,108.63066
Azerbaijan,AZE,1995,158.3079
Azerbaijan,AZE,1996,492.95047
Azerbaijan,AZE,1997,1975.239
Azerbaijan,AZE,1998,2967.375
Azerbaijan,AZE,1999,7918.8877
Azerbaijan,AZE,2000,11892.416
Azerbaijan,AZE,2001,24784.959
Azerbaijan,AZE,2002,408574.12
Azerbaijan,AZE,2005,673899.2
Azerbaijan,AZE,2006,1017484.2
Azerbaijan,AZE,2007,1247721
Azerbaijan,AZE,2008,1496788.8
Azerbaijan,AZE,2009,2451544.5
Azerbaijan,AZE,2010,4164992.8
Azerbaijan,AZE,2011,4586541
Azerbaijan,AZE,2012,5038315
Azerbaijan,AZE,2013,6874265
Azerbaijan,AZE,2014,7151311
Azerbaijan,AZE,2015,7429992.5
Azerbaijan,AZE,2016,7630608.5
Azerbaijan,AZE,2017,7784686.5
Azerbaijan,AZE,2018,7931937
Azerbaijan,AZE,2019,8129693.5
Azerbaijan,AZE,2020,8538780
Azerbaijan,AZE,2021,8718464
Azerbaijan,AZE,2022,8924745
Azerbaijan,AZE,2023,9037022
Azerbaijan,AZE,2024,9227419
Azerbaijan,AZE,2025,9304273
Bahamas,BHS,1990,0
Bahamas,BHS,1995,2894.0254
Bahamas,BHS,1996,5359.69
Bahamas,BHS,1997,4228.2944
Bahamas,BHS,1998,7379.611
Bahamas,BHS,1999,12017.486
Bahamas,BHS,2000,25906.799
Bahamas,BHS,2001,38684.65
Bahamas,BHS,2002,59690.523
Bahamas,BHS,2003,67123.6
Bahamas,BHS,2004,74752.04
Bahamas,BHS,2005,85973.5
Bahamas,BHS,2006,90577.5
Bahamas,BHS,2007,95400.19
Bahamas,BHS,2008,112951.05
Bahamas,BHS,2009,122920.03
Bahamas,BHS,2010,158015.55
Bahamas,BHS,2011,241623.84
Bahamas,BHS,2012,269392.25
Bahamas,BHS,2013,272846.16
Bahamas,BHS,2014,294063.6
Bahamas,BHS,2015,300569.88
Bahamas,BHS,2016,310444
Bahamas,BHS,2017,314730.9
Bahamas,BHS,2018,325955.1
Bahamas,BHS,2019,357943.78
Bahamas,BHS,2020,365950.44
Bahamas,BHS,2021,366049.66
Bahamas,BHS,2022,366752.66
Bahamas,BHS,2023,369031.84
Bahamas,BHS,2024,371077.22
Bahrain,BHR,1990,0
Bahrain,BHR,1995,1933.7212
Bahrain,BHR,1996,4837.067
Bahrain,BHR,1997,9720.397
Bahrain,BHR,1998,19475.914
Bahrain,BHR,1999,29310.68
Bahrain,BHR,2000,39235.094
Bahrain,BHR,2001,99452.9
Bahrain,BHR,2002,128259.93
Bahrain,BHR,2003,164791.22
Bahrain,BHR,2004,176763.95
Bahrain,BHR,2005,189351.97
Bahrain,BHR,2006,271262.16
Bahrain,BHR,2007,342032
Bahrain,BHR,2008,573266.2
Bahrain,BHR,2009,624559.94
Bahrain,BHR,2010,675698.7
Bahrain,BHR,2011,920165
Bahrain,BHR,2012,1063888.4
Bahrain,BHR,2013,1127872.4
Bahrain,BHR,2014,1189719.9
Bahrain,BHR,2015,1280953.8
Bahrain,BHR,2016,1395251.1
Bahrain,BHR,2017,1439242
Bahrain,BHR,2018,1482719.2
Bahrain,BHR,2019,1479327.1
Bahrain,BHR,2020,1467360.9
Bahrain,BHR,2021,1504365
Bahrain,BHR,2022,1524693
Bahrain,BHR,2023,1577059
Bahrain,BHR,2024,1588670
Bangladesh,BGD,1990,0
Bangladesh,BGD,1997,955.2575
Bangladesh,BGD,1998,4770.102
Bangladesh,BGD,1999,47823.12
Bangladesh,BGD,2000,95579.5
Bangladesh,BGD,2001,177584.84
Bangladesh,BGD,2002,194396.39
Bangladesh,BGD,2003,231018.92
Bangladesh,BGD,2004,284428.6
Bangladesh,BGD,2005,349633.34
Bangladesh,BGD,2006,1464059.8
Bangladesh,BGD,2007,2663807
Bangladesh,BGD,2008,3736856.8
Bangladesh,BGD,2009,4677085
Bangladesh,BGD,2010,5631473.5
Bangladesh,BGD,2011,6911598.5
Bangladesh,BGD,2012,7753505
Bangladesh,BGD,2013,10378082
Bangladesh,BGD,2014,14300407
Bangladesh,BGD,2015,19713788
Bangladesh,BGD,2016,27175770
Bangladesh,BGD,2017,34870024
Bangladesh,BGD,2018,41804844
Bangladesh,BGD,2019,50105700
Bangladesh,BGD,2020,60048724
Bangladesh,BGD,2021,65248544
Bangladesh,BGD,2022,70492060
Bangladesh,BGD,2023,76307510
Bangladesh,BGD,2024,92719980
Barbados,BRB,1990,0
Barbados,BRB,1995,20.308023
Barbados,BRB,1996,1020.2848
Barbados,BRB,1997,2054.5293
Barbados,BRB,1998,5169.9893
Barbados,BRB,1999,6247.905
Barbados,BRB,2000,10413.541
Barbados,BRB,2001,31324.229
Barbados,BRB,2002,73529.09
Barbados,BRB,2003,105485.5
Barbados,BRB,2004,133114.4
Barbados,BRB,2005,141070.64
Barbados,BRB,2006,149311.1
Barbados,BRB,2007,157889.62
Barbados,BRB,2008,167446.4
Barbados,BRB,2009,177357.56
Barbados,BRB,2010,179183.19
Barbados,BRB,2011,183632.44
Barbados,BRB,2012,197179.84
Barbados,BRB,2013,199363.48
Barbados,BRB,2014,200200.67
Barbados,BRB,2015,201010.62
Barbados,BRB,2016,200116.66
Barbados,BRB,2017,199337.45
Barbados,BRB,2018,198537.08
Barbados,BRB,2019,197708.48
Barbados,BRB,2020,196879.02
Barbados,BRB,2021,196023.33
Barbados,BRB,2022,194978.97
Barbados,BRB,2023,196717.89
Barbados,BRB,2024,198757.06
Belarus,BLR,1990,0
Belarus,BLR,1994,49.703003
Belarus,BLR,1995,297.65988
Belarus,BLR,1996,2976.754
Belarus,BLR,1997,4957.542
Belarus,BLR,1998,7443.1807
Belarus,BLR,1999,49632.35
Belarus,BLR,2000,185660.48
Belarus,BLR,2001,426988.75
Belarus,BLR,2002,883062.44
Belarus,BLR,2006,1555997.8
Belarus,BLR,2007,1883507.9
Belarus,BLR,2008,2191436.5
Belarus,BLR,2009,2607107.2
Belarus,BLR,2010,3015859.8
Belarus,BLR,2011,3751437
Belarus,BLR,2012,4431511
Belarus,BLR,2013,5115387.5
Belarus,BLR,2014,5576165.5
Belarus,BLR,2015,5887661.5
Belarus,BLR,2016,6733963.5
Belarus,BLR,2017,7040935.5
Belarus,BLR,2018,7468900.5
Belarus,BLR,2019,7798538
Belarus,BLR,2020,7981205.5
Belarus,BLR,2021,8082868.5
Belarus,BLR,2022,8259800
Belarus,BLR,2023,8399290
Belarus,BLR,2024,8608582
Belgium,BEL,1990,100.67053
Belgium,BEL,1991,2010.9016
Belgium,BEL,1992,10045.158
Belgium,BEL,1993,20068.105
Belgium,BEL,1994,70404.59
Belgium,BEL,1995,100557.164
Belgium,BEL,1996,301652.12
Belgium,BEL,1997,502953.53
Belgium,BEL,1998,805017.4
Belgium,BEL,1999,1411245.8
Belgium,BEL,2000,3017116.2
Belgium,BEL,2001,3218502.5
Belgium,BEL,2002,4787179.5
Belgium,BEL,2003,5184954
Belgium,BEL,2004,5612824.5
Belgium,BEL,2005,5849164
Belgium,BEL,2006,6537821.5
Belgium,BEL,2007,7093762
Belgium,BEL,2008,7374601
Belgium,BEL,2009,8048153.5
Belgium,BEL,2010,8459310
Belgium,BEL,2011,9008327
Belgium,BEL,2012,8965515
Belgium,BEL,2013,9169706
Belgium,BEL,2014,9527837
Belgium,BEL,2015,9589036
Belgium,BEL,2016,9803548
Belgium,BEL,2017,9973702
Belgium,BEL,2018,10129780
Belgium,BEL,2019,10371726
Belgium,BEL,2020,10560870
Belgium,BEL,2021,10750677
Belgium,BEL,2022,10980311
Belgium,BEL,2023,11146922
Belgium,BEL,2024,11357678
Belize,BLZ,1990,0
Belize,BLZ,1995,92.68229
Belize,BLZ,1996,1857.0372
Belize,BLZ,1997,2805.0532
Belize,BLZ,1998,4706.1157
Belize,BLZ,1999,9508.807
Belize,BLZ,2000,14360.855
Belize,BLZ,2002,14552.195
Belize,BLZ,2004,26625.426
Belize,BLZ,2005,47554.27
Belize,BLZ,2006,69090.72
Belize,BLZ,2007,72840.6
Belize,BLZ,2008,80046.94
Belize,BLZ,2009,85031.016
Belize,BLZ,2010,90309.09
Belize,BLZ,2011,100480.49
Belize,BLZ,2012,103668.34
Belize,BLZ,2013,114786.67
Belize,BLZ,2014,135033.2
Belize,BLZ,2015,148198.89
Belize,BLZ,2016,162569.81
Belize,BLZ,2017,182410.33
Belize,BLZ,2018,203776.8
Belize,BLZ,2019,226733.19
Belize,BLZ,2020,251823.23
Belize,BLZ,2021,279326.6
Belize,BLZ,2022,281845.84
Belize,BLZ,2023,288543.8
Belize,BLZ,2024,333681.88
Benin,BEN,1990,0
Benin,BEN,1996,108.0224
Benin,BEN,1997,1619.5077
Benin,BEN,1998,3252.165
Benin,BEN,1999,10854.368
Benin,BEN,2000,16266.541
Benin,BEN,2001,27058.629
Benin,BEN,2002,53954.07
Benin,BEN,2003,75279.18
Benin,BEN,2004,96484.63
Benin,BEN,2005,107096.3
Benin,BEN,2006,133693.36
Benin,BEN,2007,160276.05
Benin,BEN,2008,170726.62
Benin,BEN,2009,213011.06
Benin,BEN,2010,306661.25
Benin,BEN,2011,418716.1
Benin,BEN,2012,467894.6
Benin,BEN,2013,524732.9
Benin,BEN,2014,661800.25
Benin,BEN,2015,1278644.6
Benin,BEN,2016,1696187
Benin,BEN,2017,2251439
Benin,BEN,2018,2352836
Benin,BEN,2019,2609112
Benin,BEN,2020,2891199.8
Benin,BEN,2021,3783214
Benin,BEN,2022,4201780.5
Benin,BEN,2023,4571128.5
Benin,BEN,2024,4914983
Bermuda,BMU,1990,0
Bermuda,BMU,1995,4071.5786
Bermuda,BMU,1996,9689.706
Bermuda,BMU,1997,14562.835
Bermuda,BMU,1998,19465.117
Bermuda,BMU,1999,24388.477
Bermuda,BMU,2000,26435.639
Bermuda,BMU,2001,29392.826
Bermuda,BMU,2002,32333.473
Bermuda,BMU,2003,35261.82
Bermuda,BMU,2004,38152.84
Bermuda,BMU,2005,41042.51
Bermuda,BMU,2006,43920.754
Bermuda,BMU,2007,46848.31
Bermuda,BMU,2008,52095.902
Bermuda,BMU,2009,52917.86
Bermuda,BMU,2010,53662.82
Bermuda,BMU,2011,56299.18
Bermuda,BMU,2012,58108.35
Bermuda,BMU,2013,60586.023
Bermuda,BMU,2014,61496.074
Bermuda,BMU,2015,62400.094
Bermuda,BMU,2016,62180.02
Bermuda,BMU,2017,62541.68
Bhutan,BTN,1990,0
Bhutan,BTN,1999,803.959
Bhutan,BTN,2000,2393.0889
Bhutan,BTN,2001,5281.099
Bhutan,BTN,2002,10463.862
Bhutan,BTN,2003,15539.288
Bhutan,BTN,2004,20537.572
Bhutan,BTN,2005,25462.607
Bhutan,BTN,2006,30308.71
Bhutan,BTN,2007,40175.547
Bhutan,BTN,2008,44955.99
Bhutan,BTN,2009,49758.938
Bhutan,BTN,2010,95421.96
Bhutan,BTN,2011,102150.28
Bhutan,BTN,2012,111895.52
Bhutan,BTN,2013,162461.14
Bhutan,BTN,2014,222141.12
Bhutan,BTN,2015,294765.97
Bhutan,BTN,2016,347781.62
Bhutan,BTN,2017,409871.7
Bhutan,BTN,2018,482346.7
Bhutan,BTN,2019,567341.9
Bhutan,BTN,2020,591755.8
Bhutan,BTN,2021,664064.4
Bhutan,BTN,2022,689985.94
Bhutan,BTN,2023,707914.8
Bhutan,BTN,2024,722482.5
Bolivia,BOL,1990,0
Bolivia,BOL,1995,5260.283
Bolivia,BOL,1996,15722.603
Bolivia,BOL,1997,36592.19
Bolivia,BOL,1998,52041.844
Bolivia,BOL,1999,83075.3
Bolivia,BOL,2000,124168.94
Bolivia,BOL,2001,185598.48
Bolivia,BOL,2002,277441.25
Bolivia,BOL,2003,317552.53
Bolivia,BOL,2004,408663.4
Bolivia,BOL,2005,489341.28
Bolivia,BOL,2006,590408.6
Bolivia,BOL,2007,1016948.3
Bolivia,BOL,2008,1231357.2
Bolivia,BOL,2009,1682734.1
Bolivia,BOL,2010,2280845.2
Bolivia,BOL,2011,3104678.8
Bolivia,BOL,2012,3716286
Bolivia,BOL,2013,3951497
Bolivia,BOL,2014,3753891
Bolivia,BOL,2015,4129062.2
Bolivia,BOL,2016,4438188
Bolivia,BOL,2017,4972593.5
Bolivia,BOL,2018,5096612
Bolivia,BOL,2019,5540969.5
Bolivia,BOL,2020,7082701.5
Bolivia,BOL,2021,7875957
Bolivia,BOL,2022,8770756
Bolivia,BOL,2023,9464784
Bolivia,BOL,2024,9893995
Bosnia and Herzegovina,BIH,1990,0
Bosnia and Herzegovina,BIH,1996,585.1622
Bosnia and Herzegovina,BIH,1997,2386.8267
Bosnia and Herzegovina,BIH,1998,5888.6724
Bosnia and Herzegovina,BIH,1999,8012.792
Bosnia and Herzegovina,BIH,2000,45048.684
Bosnia and Herzegovina,BIH,2001,50175.28
Bosnia and Herzegovina,BIH,2002,110909.516
Bosnia and Herzegovina,BIH,2003,165679.98
Bosnia and Herzegovina,BIH,2004,640568.1
Bosnia and Herzegovina,BIH,2005,873646.75
Bosnia and Herzegovina,BIH,2006,1020790.9
Bosnia and Herzegovina,BIH,2007,1120547.9
Bosnia and Herzegovina,BIH,2008,1368218.8
Bosnia and Herzegovina,BIH,2009,1464234.2
Bosnia and Herzegovina,BIH,2010,1629404.4
Bosnia and Herzegovina,BIH,2011,1642189
Bosnia and Herzegovina,BIH,2012,1653918.1
Bosnia and Herzegovina,BIH,2013,1752035.8
Bosnia and Herzegovina,BIH,2014,1779480.6
Bosnia and Herzegovina,BIH,2015,1850752.4
Bosnia and Herzegovina,BIH,2016,2092711.2
Bosnia and Herzegovina,BIH,2017,2224941.2
Bosnia and Herzegovina,BIH,2018,2374968.8
Bosnia and Herzegovina,BIH,2019,2340078.2
Bosnia and Herzegovina,BIH,2020,2415511.2
Bosnia and Herzegovina,BIH,2021,2455622.5
Bosnia and Herzegovina,BIH,2022,2526843.2
Bosnia and Herzegovina,BIH,2023,2655623.2
Bosnia and Herzegovina,BIH,2024,2724450.8
Botswana,BWA,1990,0
Botswana,BWA,1991,0
Botswana,BWA,1995,966.74915
Botswana,BWA,1996,2411.385
Botswana,BWA,1997,4840.808
Botswana,BWA,1998,9673.532
Botswana,BWA,1999,18390.365
Botswana,BWA,2000,48688.805
Botswana,BWA,2001,58745.492
Botswana,BWA,2002,59076.32
Botswana,BWA,2003,59401.75
Botswana,BWA,2004,59724.17
Botswana,BWA,2005,60027.824
Botswana,BWA,2006,80415.484
Botswana,BWA,2007,100911.42
Botswana,BWA,2008,121873.125
Botswana,BWA,2009,122426.39
Botswana,BWA,2010,121986.66
Botswana,BWA,2011,186618.16
Botswana,BWA,2012,337378.72
Botswana,BWA,2013,642204.6
Botswana,BWA,2014,798112.06
Botswana,BWA,2015,856936.56
Botswana,BWA,2016,920025.94
Botswana,BWA,2017,987766.75
Botswana,BWA,2018,1060481.1
Botswana,BWA,2019,1138588.2
Botswana,BWA,2020,1222651.4
Botswana,BWA,2021,1313605
Botswana,BWA,2022,1412697.5
Botswana,BWA,2024,1448633.8
Brazil,BRA,1990,0
Brazil,BRA,1991,4991.728
Brazil,BRA,1992,19901.486
Brazil,BRA,1993,39982.617
Brazil,BRA,1994,60042.91
Brazil,BRA,1995,169821.83
Brazil,BRA,1996,740553.5
Brazil,BRA,1997,1309960.6
Brazil,BRA,1998,2503563
Brazil,BRA,1999,3501487.2
Brazil,BRA,2000,4995517
Brazil,BRA,2001,7983791
Brazil,BRA,2002,16332043
Brazil,BRA,2003,23855898
Brazil,BRA,2004,34842856
Brazil,BRA,2005,38826510
Brazil,BRA,2006,52595860
Brazil,BRA,2007,58224950
Brazil,BRA,2008,64401260
Brazil,BRA,2009,75333760
Brazil,BRA,2010,78739840
Brazil,BRA,2011,89225590
Brazil,BRA,2012,95603050
Brazil,BRA,2013,101303320
Brazil,BRA,2014,109148450
Brazil,BRA,2015,117633220
Brazil,BRA,2016,123704024
Brazil,BRA,2017,138116050
Brazil,BRA,2018,145170160
Brazil,BRA,2019,153335380
Brazil,BRA,2020,169730350
Brazil,BRA,2021,169085920
Brazil,BRA,2022,169355020
Brazil,BRA,2023,177676210
Brazil,BRA,2024,179061360
British Virgin Islands,VGB,1990,0
British Virgin Islands,VGB,2002,4047.2146
British Virgin Islands,VGB,2009,9798.48
British Virgin Islands,VGB,2010,10239.75
British Virgin Islands,VGB,2011,10737.54
British Virgin Islands,VGB,2012,11409.72
British Virgin Islands,VGB,2016,26323.691
British Virgin Islands,VGB,2017,25408.52
Brunei,BRN,1990,0
Brunei,BRN,1995,2970.1887
Brunei,BRN,1996,9843.108
Brunei,BRN,1997,14747.97
Brunei,BRN,1998,19617.78
Brunei,BRN,1999,24498.824
Brunei,BRN,2000,29366.033
Brunei,BRN,2001,43060.74
Brunei,BRN,2002,52136.766
Brunei,BRN,2003,67923.53
Brunei,BRN,2004,104869.63
Brunei,BRN,2005,130883.72
Brunei,BRN,2006,153838
Brunei,BRN,2007,165706.05
Brunei,BRN,2008,173784.78
Brunei,BRN,2009,188626.48
Brunei,BRN,2010,207935.95
Brunei,BRN,2011,223657.84
Brunei,BRN,2012,244441.77
Brunei,BRN,2013,265225.28
Brunei,BRN,2014,286598.97
Brunei,BRN,2015,300614.94
Brunei,BRN,2016,384807.6
Brunei,BRN,2017,410556.5
Brunei,BRN,2018,415919.5
Brunei,BRN,2019,420546
Brunei,BRN,2020,430874.62
Brunei,BRN,2021,441009.8
Brunei,BRN,2022,450681.66
Brunei,BRN,2023,454223.62
Brunei,BRN,2024,445592.4
Bulgaria,BGR,1990,0
Bulgaria,BGR,1993,198.2521
Bulgaria,BGR,1994,1646.5002
Bulgaria,BGR,1995,10087.28
Bulgaria,BGR,1996,60630.492
Bulgaria,BGR,1997,101407.234
Bulgaria,BGR,1998,151924.86
Bulgaria,BGR,1999,238929.17
Bulgaria,BGR,2000,438813.7
Bulgaria,BGR,2001,609679.75
Bulgaria,BGR,2002,711614.25
Bulgaria,BGR,2003,936149.4
Bulgaria,BGR,2004,1399066.6
Bulgaria,BGR,2005,1529496.8
Bulgaria,BGR,2006,2059117
Bulgaria,BGR,2007,2538251.8
Bulgaria,BGR,2008,2972299
Bulgaria,BGR,2009,3349999.2
Bulgaria,BGR,2010,3418985.5
Bulgaria,BGR,2011,3525727.2
Bulgaria,BGR,2012,3791755
Bulgaria,BGR,2013,3799206.2
Bulgaria,BGR,2014,3925151.5
Bulgaria,BGR,2015,3956999.8
Bulgaria,BGR,2016,4124456.2
Bulgaria,BGR,2017,4314086
Bulgaria,BGR,2018,4347390
Bulgaria,BGR,2019,4495865.5
Bulgaria,BGR,2020,4596131
Bulgaria,BGR,2021,4898139.5
Bulgaria,BGR,2022,5115628
Bulgaria,BGR,2023,5182390.5
Bulgaria,BGR,2024,5310240.5
Burkina Faso,BFA,1990,0
Burkina Faso,BFA,1996,102.4036
Burkina Faso,BFA,1997,2044.6997
Burkina Faso,BFA,1998,5103.2617
Burkina Faso,BFA,1999,7153.305
Burkina Faso,BFA,2000,9192.23
Burkina Faso,BFA,2001,19393.209
Burkina Faso,BFA,2002,25487.664
Burkina Faso,BFA,2003,48855.45
Burkina Faso,BFA,2004,54042
Burkina Faso,BFA,2005,65467.047
Burkina Faso,BFA,2006,90942.45
Burkina Faso,BFA,2007,111122.3
Burkina Faso,BFA,2008,140374.45
Burkina Faso,BFA,2009,177523.75
Burkina Faso,BFA,2010,388235.97
Burkina Faso,BFA,2011,499857.22
Burkina Faso,BFA,2012,639667.6
Burkina Faso,BFA,2013,884770.44
Burkina Faso,BFA,2014,1093767.6
Burkina Faso,BFA,2015,1229118
Burkina Faso,BFA,2016,1380702.1
Burkina Faso,BFA,2017,1549853.9
Burkina Faso,BFA,2018,1737029.8
Burkina Faso,BFA,2019,1943551.5
Burkina Faso,BFA,2020,2786473.2
Burkina Faso,BFA,2021,3992620.8
Burkina Faso,BFA,2022,5717025.5
Burkina Faso,BFA,2023,5839613.5
Burkina Faso,BFA,2024,6653166.5
Burundi,BDI,1990,0
Burundi,BDI,1991,0
Burundi,BDI,1992,0
Burundi,BDI,1993,0
Burundi,BDI,1994,0
Burundi,BDI,1995,0
Burundi,BDI,1996,48.80687
Burundi,BDI,1997,484.38937
Burundi,BDI,1998,977.56305
Burundi,BDI,1999,2484.1648
Burundi,BDI,2000,4998.1245
Burundi,BDI,2001,7032.509
Burundi,BDI,2002,8068.0625
Burundi,BDI,2003,14175.981
Burundi,BDI,2004,25518.61
Burundi,BDI,2005,41130.75
Burundi,BDI,2006,51723.836
Burundi,BDI,2007,57133.117
Burundi,BDI,2008,68895.664
Burundi,BDI,2009,80528.81
Burundi,BDI,2010,93764.44
Burundi,BDI,2011,107869.555
Burundi,BDI,2012,122866.55
Burundi,BDI,2013,131976.03
Burundi,BDI,2014,112576.11
Burundi,BDI,2015,220951.6
Burundi,BDI,2016,247267.92
Burundi,BDI,2017,306166
Burundi,BDI,2018,476690.44
Burundi,BDI,2019,744168.5
Burundi,BDI,2020,811288
Burundi,BDI,2021,878800.25
Burundi,BDI,2022,951765.7
Burundi,BDI,2023,981848.44
Burundi,BDI,2024,1207547.8
Cambodia,KHM,1990,0
Cambodia,KHM,1997,675.74536
Cambodia,KHM,1998,1965.4823
Cambodia,KHM,1999,3925.0342
Cambodia,KHM,2000,5860.119
Cambodia,KHM,2001,9741.471
Cambodia,KHM,2002,29179.242
Cambodia,KHM,2003,34006.934
Cambodia,KHM,2004,39792.027
Cambodia,KHM,2005,42645.516
Cambodia,KHM,2006,63885.203
Cambodia,KHM,2007,67824.67
Cambodia,KHM,2008,71672.74
Cambodia,KHM,2009,75667.09
Cambodia,KHM,2010,182709.14
Cambodia,KHM,2011,456400.1
Cambodia,KHM,2012,738287.25
Cambodia,KHM,2013,910212.44
Cambodia,KHM,2014,2155548
Cambodia,KHM,2015,1005073.6
Cambodia,KHM,2016,5136063
Cambodia,KHM,2017,5288184.5
Cambodia,KHM,2018,10578439
Cambodia,KHM,2019,8620691
Cambodia,KHM,2020,9429137
Cambodia,KHM,2021,10314046
Cambodia,KHM,2022,11265547
Cambodia,KHM,2023,12009496
Cambodia,KHM,2024,12078223
Cameroon,CMR,1990,0
Cameroon,CMR,1997,932.582
Cameroon,CMR,1998,1867.1216
Cameroon,CMR,1999,18737.43
Cameroon,CMR,2000,37597.74
Cameroon,CMR,2001,42415.145
Cameroon,CMR,2002,56748.96
Cameroon,CMR,2003,94961.805
Cameroon,CMR,2004,162130.88
Cameroon,CMR,2005,239505.33
Cameroon,CMR,2006,356045.12
Cameroon,CMR,2007,528861.94
Cameroon,CMR,2008,631517.94
Cameroon,CMR,2009,733976.56
Cameroon,CMR,2010,845726.9
Cameroon,CMR,2011,1011615.2
Cameroon,CMR,2012,1560714.8
Cameroon,CMR,2013,2140237.8
Cameroon,CMR,2014,3576983.5
Cameroon,CMR,2015,4165704.8
Cameroon,CMR,2016,4831557
Cameroon,CMR,2017,5598552.5
Cameroon,CMR,2018,7367496.5
Cameroon,CMR,2019,9319723
Cameroon,CMR,2020,9880724
Cameroon,CMR,2021,10468238
Cameroon,CMR,2022,11087815
Cameroon,CMR,2023,11985702
Cameroon,CMR,2024,13472295
Canada,CAN,1990,99965.01
Canada,CAN,1991,159813.3
Canada,CAN,1992,259880.78
Canada,CAN,1993,338480.2
Canada,CAN,1994,690215.8
Canada,CAN,1995,1218976.1
Canada,CAN,1996,2001650.9
Canada,CAN,1997,4515798.5
Canada,CAN,1998,7508638
Canada,CAN,1999,11005266
Canada,CAN,2000,15741780
Canada,CAN,2001,18674554
Canada,CAN,2002,19315166
Canada,CAN,2003,20314458
Canada,CAN,2004,21065548
Canada,CAN,2005,23105144
Canada,CAN,2006,23581544
Canada,CAN,2007,24074664
Canada,CAN,2008,25500676
Canada,CAN,2009,27004946
Canada,CAN,2010,27306740
Canada,CAN,2011,28501552
Canada,CAN,2012,28812118
Canada,CAN,2013,30099492
Canada,CAN,2014,30870160
Canada,CAN,2015,32134048
Canada,CAN,2016,32918610
Canada,CAN,2017,33877796
Canada,CAN,2018,35085530
Canada,CAN,2019,34576252
Canada,CAN,2020,35100436
Canada,CAN,2021,35921420
Canada,CAN,2022,36613124
Canada,CAN,2023,37704336
Canada,CAN,2024,38932370
Cape Verde,CPV,1990,0
Cape Verde,CPV,1997,1043.0432
Cape Verde,CPV,1998,2080.1782
Cape Verde,CPV,1999,5179.62
Cape Verde,CPV,2000,8261.448
Cape Verde,CPV,2001,12360.399
Cape Verde,CPV,2002,16434.215
Cape Verde,CPV,2003,20473.273
Cape Verde,CPV,2004,25496.885
Cape Verde,CPV,2005,29466.309
Cape Verde,CPV,2006,33413.23
Cape Verde,CPV,2007,41100.51
Cape Verde,CPV,2008,70189.7
Cape Verde,CPV,2009,106289.61
Cape Verde,CPV,2010,152935.2
Cape Verde,CPV,2011,163663.03
Cape Verde,CPV,2012,177853.17
Cape Verde,CPV,2013,192084.38
Cape Verde,CPV,2014,206262.44
Cape Verde,CPV,2015,218705.2
Cape Verde,CPV,2016,257931.62
Cape Verde,CPV,2017,293180.66
Cape Verde,CPV,2018,305481.94
Cape Verde,CPV,2019,318453.5
Cape Verde,CPV,2020,357050.3
Cape Verde,CPV,2021,363113.84
Cape Verde,CPV,2022,381112.56
Cape Verde,CPV,2023,389654.72
Cape Verde,CPV,2024,392267.88
Cayman Islands,CYM,1990,0
Cayman Islands,CYM,1993,0
Cayman Islands,CYM,1994,0
Cayman Islands,CYM,1995,1293.3485
Cayman Islands,CYM,2005,17795.527
Cayman Islands,CYM,2006,21463.24
Cayman Islands,CYM,2007,25837.238
Cayman Islands,CYM,2008,31202.111
Cayman Islands,CYM,2009,33938.61
Cayman Islands,CYM,2010,35705.34
Cayman Islands,CYM,2011,38627.23
Cayman Islands,CYM,2012,39823.79
Cayman Islands,CYM,2013,41879.668
Cayman Islands,CYM,2014,44578.56
Cayman Islands,CYM,2015,47464.34
Cayman Islands,CYM,2016,49849
Cayman Islands,CYM,2017,52317.035
Central African Republic,CAF,1990,0
Central African Republic,CAF,1996,201.00395
Central African Republic,CAF,1997,505.03308
Central African Republic,CAF,1998,1012.44275
Central African Republic,CAF,1999,1525.3451
Central African Republic,CAF,2000,2046.8209
Central African Republic,CAF,2001,3078.4995
Central African Republic,CAF,2002,5149.296
Central African Republic,CAF,2003,6218.774
Central African Republic,CAF,2004,9366.832
Central African Republic,CAF,2005,11502.589
Central African Republic,CAF,2006,13623.025
Central African Republic,CAF,2007,16771.8
Central African Republic,CAF,2008,45589.84
Central African Republic,CAF,2009,81522.84
Central African Republic,CAF,2010,89859.9
Central African Republic,CAF,2011,100430.46
Central African Republic,CAF,2012,110660.35
Central African Republic,CAF,2013,116060.48
Central African Republic,CAF,2014,124825.914
Central African Republic,CAF,2015,134250.28
Central African Republic,CAF,2016,146123.55
Central African Republic,CAF,2017,191740.44
Central African Republic,CAF,2018,248811.5
Central African Republic,CAF,2019,371307.66
Central African Republic,CAF,2022,701163.94
Central African Republic,CAF,2023,713182.6
Central African Republic,CAF,2024,734702.3
Chad,TCD,1990,0
Chad,TCD,1997,50.47101
Chad,TCD,1998,338.98846
Chad,TCD,1999,1011.39264
Chad,TCD,2000,3039.4194
Chad,TCD,2001,4044.0981
Chad,TCD,2002,15139.2295
Chad,TCD,2003,30390.342
Chad,TCD,2004,35803.402
Chad,TCD,2005,41235.703
Chad,TCD,2006,62209.22
Chad,TCD,2007,93886.54
Chad,TCD,2008,136567.92
Chad,TCD,2009,178406.31
Chad,TCD,2010,209313.78
Chad,TCD,2011,242344.94
Chad,TCD,2012,277430.97
Chad,TCD,2013,342276.97
Chad,TCD,2014,411471.7
Chad,TCD,2015,512666.75
Chad,TCD,2016,876650
Chad,TCD,2017,992342.06
Chad,TCD,2018,1123896.8
Chad,TCD,2019,1271113.6
Chad,TCD,2020,1437072.1
Chad,TCD,2021,1721088
Chad,TCD,2022,2061514
Chad,TCD,2023,2325223.2
Chad,TCD,2024,2563150
Chile,CHL,1990,0
Chile,CHL,1992,5067.8706
Chile,CHL,1993,10125.435
Chile,CHL,1994,20185.922
Chile,CHL,1995,50410.016
Chile,CHL,1996,100633.54
Chile,CHL,1997,158283.8
Chile,CHL,1998,251121.45
Chile,CHL,1999,628091.8
Chile,CHL,2000,2573603.5
Chile,CHL,2001,2995615.2
Chile,CHL,2002,3504601.5
Chile,CHL,2003,4082110
Chile,CHL,2004,4561249
Chile,CHL,2005,5096780.5
Chile,CHL,2006,5695301
Chile,CHL,2007,5985098
Chile,CHL,2008,6280942.5
Chile,CHL,2009,7069244
Chile,CHL,2010,7731658.5
Chile,CHL,2011,9066255
Chile,CHL,2012,9644275
Chile,CHL,2013,10258463
Chile,CHL,2014,10916810
Chile,CHL,2015,13829821
Chile,CHL,2016,15263831
Chile,CHL,2017,15279049
Chile,CHL,2018,16040320
Chile,CHL,2019,16321462
Chile,CHL,2020,16941412
Chile,CHL,2021,17555996
Chile,CHL,2022,18051012
Chile,CHL,2023,18569228
Chile,CHL,2024,18893192
China,CHN,1990,0
China,CHN,1993,1991.5637
China,CHN,1994,13944.469
China,CHN,1995,59640.32
China,CHN,1996,159499.06
China,CHN,1997,398544.3
China,CHN,1998,2098870
China,CHN,1999,8869364
China,CHN,2000,22423480
China,CHN,2001,33572390
China,CHN,2002,58843400
China,CHN,2003,79880800
China,CHN,2004,94613470
China,CHN,2005,111119410
China,CHN,2006,137960620
China,CHN,2007,210861600
China,CHN,2008,299372030
China,CHN,2009,384734140
China,CHN,2010,458832800
China,CHN,2011,515148380
China,CHN,2012,572823740
China,CHN,2013,624363900
China,CHN,2014,657120960
China,CHN,2015,694069600
China,CHN,2016,738304260
China,CHN,2017,758144700
China,CHN,2018,916821500
China,CHN,2019,902095400
China,CHN,2020,988514400
China,CHN,2021,1031774700
China,CHN,2022,1067764030
China,CHN,2023,1278103200
China,CHN,2024,1296257000
China,CHN,2025,1288431900
Colombia,COL,1990,0
Colombia,COL,1994,37586.33
Colombia,COL,1995,67312.76
Colombia,COL,1996,120327.06
Colombia,COL,1997,204537.53
Colombia,COL,1998,427051.47
Colombia,COL,1999,653732.7
Colombia,COL,2000,862923.1
Colombia,COL,2001,1133381.8
Colombia,COL,2002,1854935.2
Colombia,COL,2003,3024835.2
Colombia,COL,2004,3788193
Colombia,COL,2005,4637248
Colombia,COL,2006,6549527.5
Colombia,COL,2007,9425311
Colombia,COL,2008,11202255
Colombia,COL,2009,13281463
Colombia,COL,2010,16343722
Colombia,COL,2011,18262668
Colombia,COL,2012,22391604
Colombia,COL,2013,23860370
Colombia,COL,2014,24478578
Colombia,COL,2015,26258532
Colombia,COL,2016,27578506
Colombia,COL,2017,29966352
Colombia,COL,2018,31437610
Colombia,COL,2019,32443634
Colombia,COL,2020,35337376
Colombia,COL,2021,37381892
Colombia,COL,2022,37663350
Colombia,COL,2023,40463536
Colombia,COL,2024,41962916
Comoros,COM,1990,0
Comoros,COM,1997,0
Comoros,COM,1998,195.79027
Comoros,COM,1999,778.3113
Comoros,COM,2000,1456.7472
Comoros,COM,2001,2424.5588
Comoros,COM,2002,3101.2942
Comoros,COM,2003,4832.966
Comoros,COM,2004,7707.842
Comoros,COM,2005,11853.54
Comoros,COM,2006,13304.566
Comoros,COM,2007,15423.175
Comoros,COM,2008,18879.209
Comoros,COM,2009,22468.145
Comoros,COM,2010,33396.637
Comoros,COM,2011,36743.08
Comoros,COM,2012,40729.434
Comoros,COM,2013,45252.477
Comoros,COM,2014,49662.906
Comoros,COM,2015,54204.664
Comoros,COM,2016,58881.625
Comoros,COM,2017,64151.91
Comoros,COM,2019,128871.37
Comoros,COM,2020,179848.16
Comoros,COM,2021,251025.6
Comoros,COM,2022,261718.97
Comoros,COM,2023,271507.3
Comoros,COM,2024,281805.78
Congo,COG,1990,0
Congo,COG,1996,99.78551
Congo,COG,1997,100.20882
Congo,COG,1998,100.96048
Congo,COG,1999,509.52283
Congo,COG,2000,830.5285
Congo,COG,2001,1054.5298
Congo,COG,2002,5269.071
Congo,COG,2003,15850.953
Congo,COG,2004,38419.016
Congo,COG,2005,54093.016
Congo,COG,2006,77055.164
Congo,COG,2007,109848.1
Congo,COG,2008,176367.45
Congo,COG,2009,192654.86
Congo,COG,2010,223114.5
Congo,COG,2011,258144.53
Congo,COG,2012,289485.06
Congo,COG,2013,320568.53
Congo,COG,2014,353785.1
Congo,COG,2015,388231.75
Congo,COG,2016,424169.12
Congo,COG,2017,462862.44
Congo,COG,2018,647397.25
Congo,COG,2019,905203.56
Congo,COG,2020,1265527.8
Congo,COG,2021,1769269.2
Congo,COG,2022,2473590
Congo,COG,2023,2667939.5
Congo,COG,2024,2992425.2
Costa Rica,CRI,1990,0
Costa Rica,CRI,1992,36.455265
Costa Rica,CRI,1993,2744.4587
Costa Rica,CRI,1994,9663.142
Costa Rica,CRI,1995,14741.685
Costa Rica,CRI,1996,30435.9
Costa Rica,CRI,1997,60708.062
Costa Rica,CRI,1998,101001.78
Costa Rica,CRI,1999,150621.94
Costa Rica,CRI,2000,228398.81
Costa Rica,CRI,2001,383234.6
Costa Rica,CRI,2002,810855.44
Costa Rica,CRI,2003,841564.4
Costa Rica,CRI,2004,873293.1
Costa Rica,CRI,2005,940455.6
Costa Rica,CRI,2006,1084656.4
Costa Rica,CRI,2007,1243990.5
Costa Rica,CRI,2008,1433694.1
Costa Rica,CRI,2009,1544778.4
Costa Rica,CRI,2010,1662926.1
Costa Rica,CRI,2011,1807616.8
Costa Rica,CRI,2012,2215368.5
Costa Rica,CRI,2013,2167541.2
Costa Rica,CRI,2014,2526573
Costa Rica,CRI,2015,2879401.5
Costa Rica,CRI,2016,3206400
Costa Rica,CRI,2017,3516934
Costa Rica,CRI,2018,3642991.2
Costa Rica,CRI,2019,4059766.8
Costa Rica,CRI,2020,4054147.5
Costa Rica,CRI,2021,4187090.2
Costa Rica,CRI,2022,4197437
Costa Rica,CRI,2023,4359871
Costa Rica,CRI,2024,4471752.5
Cote d'Ivoire,CIV,1990,0
Cote d'Ivoire,CIV,1995,29.71113
Cote d'Ivoire,CIV,1996,1298.6985
Cote d'Ivoire,CIV,1997,3016.868
Cote d'Ivoire,CIV,1998,10165.008
Cote d'Ivoire,CIV,1999,20486.963
Cote d'Ivoire,CIV,2000,40966.41
Cote d'Ivoire,CIV,2001,71942.625
Cote d'Ivoire,CIV,2002,92887.586
Cote d'Ivoire,CIV,2003,145099.67
Cote d'Ivoire,CIV,2004,166416.9
Cote d'Ivoire,CIV,2005,208551.39
Cote d'Ivoire,CIV,2006,313318.2
Cote d'Ivoire,CIV,2007,378550.03
Cote d'Ivoire,CIV,2008,408774.3
Cote d'Ivoire,CIV,2009,439958.78
Cote d'Ivoire,CIV,2010,607177.75
Cote d'Ivoire,CIV,2011,666478
Cote d'Ivoire,CIV,2012,1032551.44
Cote d'Ivoire,CIV,2013,1580025.1
Cote d'Ivoire,CIV,2014,2452739.5
Cote d'Ivoire,CIV,2015,9704693
Cote d'Ivoire,CIV,2016,10709666
Cote d'Ivoire,CIV,2017,11719889
Cote d'Ivoire,CIV,2018,10311846
Cote d'Ivoire,CIV,2019,10230949
Cote d'Ivoire,CIV,2020,10414362
Cote d'Ivoire,CIV,2021,10655692
Cote d'Ivoire,CIV,2022,11675717
Cote d'Ivoire,CIV,2023,12669727
Cote d'Ivoire,CIV,2024,13231054
Croatia,HRV,1990,0
Croatia,HRV,1993,4471.65
Croatia,HRV,1994,12467.425
Croatia,HRV,1995,23746.955
Croatia,HRV,1996,39145.465
Croatia,HRV,1997,78454.12
Croatia,HRV,1998,148200.81
Croatia,HRV,1999,199005.52
Croatia,HRV,2000,296913.44
Croatia,HRV,2001,496977.25
Croatia,HRV,2002,764066.06
Croatia,HRV,2003,979023.3
Croatia,HRV,2004,1330551.9
Croatia,HRV,2005,1428382.1
Croatia,HRV,2006,1637378.1
Croatia,HRV,2007,1786153.9
Croatia,HRV,2008,1906613.5
Croatia,HRV,2009,2177560.5
Croatia,HRV,2010,2429064
Croatia,HRV,2011,2473770.5
Croatia,HRV,2012,2638870.8
Croatia,HRV,2013,2826041
Croatia,HRV,2014,2880947.5
Croatia,HRV,2015,2899774
Croatia,HRV,2016,2985580.5
Croatia,HRV,2017,2711630.2
Croatia,HRV,2018,3003333.2
Croatia,HRV,2019,3123169
Croatia,HRV,2020,3065641.5
Croatia,HRV,2021,3151826
Croatia,HRV,2022,3164384.5
Croatia,HRV,2023,3212847.8
Croatia,HRV,2024,3233395.8
Cuba,CUB,1990,0
Cuba,CUB,1995,10.018558
Cuba,CUB,1996,3496.881
Cuba,CUB,1997,7500.5913
Cuba,CUB,1998,25048.797
Cuba,CUB,1999,34877.523
Cuba,CUB,2000,60120.562
Cuba,CUB,2001,120328.96
Cuba,CUB,2002,421454.03
Cuba,CUB,2003,587513.94
Cuba,CUB,2004,944952.9
Cuba,CUB,2005,1096754.5
Cuba,CUB,2006,1258641.1
Cuba,CUB,2007,1319482.1
Cuba,CUB,2008,1461154
Cuba,CUB,2009,1618533.2
Cuba,CUB,2010,1796288
Cuba,CUB,2011,1810205.4
Cuba,CUB,2012,2396273.2
Cuba,CUB,2013,3155578
Cuba,CUB,2014,3280795.5
Cuba,CUB,2015,4206174
Cuba,CUB,2016,4841811
Cuba,CUB,2017,6427954.5
Cuba,CUB,2018,7037037
Cuba,CUB,2019,7614665.5
Cuba,CUB,2020,7948519
Cuba,CUB,2021,7523429
Cuba,CUB,2022,7507859
Cuba,CUB,2023,7665001.5
Cuba,CUB,2024,7738221.5
Curacao,CUW,2016,98760.984
Curacao,CUW,2017,109122.766
Cyprus,CYP,1990,0
Cyprus,CYP,1992,405.9808
Cyprus,CYP,1993,465.88318
Cyprus,CYP,1994,937.58044
Cyprus,CYP,1995,3537.0496
Cyprus,CYP,1996,5924.351
Cyprus,CYP,1997,39313.477
Cyprus,CYP,1998,81303.32
Cyprus,CYP,1999,105229.445
Cyprus,CYP,2000,144570.34
Cyprus,CYP,2001,181436.75
Cyprus,CYP,2002,277943.8
Cyprus,CYP,2003,300776.66
Cyprus,CYP,2004,344347.12
Cyprus,CYP,2005,339961.16
Cyprus,CYP,2006,377798
Cyprus,CYP,2007,437345.5
Cyprus,CYP,2008,461613.12
Cyprus,CYP,2009,552577.7
Cyprus,CYP,2010,597629.7
Cyprus,CYP,2011,651894.7
Cyprus,CYP,2012,707277.9
Cyprus,CYP,2013,774916.2
Cyprus,CYP,2014,833192.94
Cyprus,CYP,2015,874574.94
Cyprus,CYP,2016,938970.56
Cyprus,CYP,2017,1012741.6
Cyprus,CYP,2018,1072928.8
Cyprus,CYP,2019,1107355.8
Cyprus,CYP,2020,1182465.6
Cyprus,CYP,2021,1195583.2
Cyprus,CYP,2022,1192920.8
Cyprus,CYP,2023,1226901.9
Cyprus,CYP,2024,1217034.1
Czechia,CZE,1990,0
Czechia,CZE,1993,60016.453
Czechia,CZE,1994,130203.195
Czechia,CZE,1995,149745.17
Czechia,CZE,1996,200115.69
Czechia,CZE,1997,300880.62
Czechia,CZE,1998,401480.56
Czechia,CZE,1999,702387.6
Czechia,CZE,2000,1002999.4
Czechia,CZE,2001,1501552
Czechia,CZE,2002,2440122
Czechia,CZE,2003,3496541.2
Czechia,CZE,2004,3619970.8
Czechia,CZE,2005,3601495.8
Czechia,CZE,2006,4907507
Czechia,CZE,2007,5348181
Czechia,CZE,2008,6539184.5
Czechia,CZE,2009,6729028
Czechia,CZE,2010,7208489
Czechia,CZE,2011,7398692
Czechia,CZE,2012,7718070
Czechia,CZE,2013,7792168.5
Czechia,CZE,2014,7813145.5
Czechia,CZE,2015,7980080
Czechia,CZE,2016,8081257.5
Czechia,CZE,2017,8339853.5
Czechia,CZE,2018,8577094
Czechia,CZE,2019,8630015
Czechia,CZE,2020,8701520
Czechia,CZE,2021,8685187
Czechia,CZE,2022,9022218
Czechia,CZE,2023,9342429
Czechia,CZE,2024,9562375
Democratic Republic of Congo,COD,1990,0
Democratic Republic of Congo,COD,1996,48.91981
Democratic Republic of Congo,COD,1997,97.12309
Democratic Republic of Congo,COD,1998,195.33908
Democratic Republic of Congo,COD,1999,494.02103
Democratic Republic of Congo,COD,2000,2981.0068
Democratic Republic of Congo,COD,2001,5982.629
Democratic Republic of Congo,COD,2002,49875.49
Democratic Republic of Congo,COD,2003,74667.086
Democratic Republic of Congo,COD,2004,111834.336
Democratic Republic of Congo,COD,2005,139886.22
Democratic Republic of Congo,COD,2006,179483.7
Democratic Republic of Congo,COD,2007,231167.69
Democratic Republic of Congo,COD,2008,283318.9
Democratic Republic of Congo,COD,2009,371907.44
Democratic Republic of Congo,COD,2010,493653.9
Democratic Republic of Congo,COD,2011,850191.75
Democratic Republic of Congo,COD,2012,1230677.5
Democratic Republic of Congo,COD,2013,1667366.6
Democratic Republic of Congo,COD,2014,2352097.2
Democratic Republic of Congo,COD,2015,3079350
Democratic Republic of Congo,COD,2016,8479598
Democratic Republic of Congo,COD,2018,10535574
Democratic Republic of Congo,COD,2019,12110773
Democratic Republic of Congo,COD,2020,13928629
Democratic Republic of Congo,COD,2021,16022071
Democratic Republic of Congo,COD,2022,18427564
Democratic Republic of Congo,COD,2023,20066090
Democratic Republic of Congo,COD,2024,21498466
Denmark,DNK,1990,5002.134
Denmark,DNK,1991,9999.339
Denmark,DNK,1992,20013.201
Denmark,DNK,1993,29990.271
Denmark,DNK,1994,69762.81
Denmark,DNK,1995,200438.19
Denmark,DNK,1996,300521.53
Denmark,DNK,1997,602488.94
Denmark,DNK,1998,1204057.8
Denmark,DNK,1999,1628470.5
Denmark,DNK,2000,2091657.4
Denmark,DNK,2001,2302000.5
Denmark,DNK,2002,3454035.5
Denmark,DNK,2003,4110851.8
Denmark,DNK,2004,4373880.5
Denmark,DNK,2005,4484038
Denmark,DNK,2006,4711396.5
Denmark,DNK,2007,4643861
Denmark,DNK,2008,4670676
Denmark,DNK,2009,4796255.5
Denmark,DNK,2010,4921904.5
Denmark,DNK,2011,5002931.5
Denmark,DNK,2012,5158785
Denmark,DNK,2013,5313393.5
Denmark,DNK,2014,5417369.5
Denmark,DNK,2015,5474928
Denmark,DNK,2016,5554324.5
Denmark,DNK,2017,5597759
Denmark,DNK,2018,5638320.5
Denmark,DNK,2019,5700833.5
Denmark,DNK,2020,5630171
Denmark,DNK,2021,5790309
Denmark,DNK,2022,5776719
Denmark,DNK,2023,5874137
Denmark,DNK,2024,5963194
Djibouti,DJI,1990,0
Djibouti,DJI,1995,101.29185
Djibouti,DJI,1996,202.28458
Djibouti,DJI,1997,556.93634
Djibouti,DJI,1998,662.2863
Djibouti,DJI,1999,767.6711
Djibouti,DJI,2000,1453.5375
Djibouti,DJI,2001,2649.6628
Djibouti,DJI,2002,3874.2205
Djibouti,DJI,2003,5092.1426
Djibouti,DJI,2004,6454.6484
Djibouti,DJI,2005,8002.2964
Djibouti,DJI,2006,10868.203
Djibouti,DJI,2007,14167.354
Djibouti,DJI,2008,20175.79
Djibouti,DJI,2009,36461.08
Djibouti,DJI,2010,60466.312
Djibouti,DJI,2011,66399.06
Djibouti,DJI,2012,90874.22
Djibouti,DJI,2013,125072.65
Djibouti,DJI,2014,170461.89
Djibouti,DJI,2015,233651.67
Djibouti,DJI,2016,319597.12
Djibouti,DJI,2017,587350.3
Djibouti,DJI,2018,611634.06
Djibouti,DJI,2019,636635.6
Djibouti,DJI,2020,662291.6
Djibouti,DJI,2021,688571.9
Djibouti,DJI,2022,725194.3
Djibouti,DJI,2023,746631.56
Djibouti,DJI,2024,763162.56
Dominica,DMA,1990,0
Dominica,DMA,1995,381.38483
Dominica,DMA,1996,812.097
Dominica,DMA,1998,2025.3333
Dominica,DMA,1999,2017.891
Dominica,DMA,2000,6039.138
Dominica,DMA,2001,9044.901
Dominica,DMA,2002,12596.546
Dominica,DMA,2003,16187.311
Dominica,DMA,2004,20814.111
Dominica,DMA,2005,26492.557
Dominica,DMA,2006,27108.326
Dominica,DMA,2007,27727.785
Dominica,DMA,2008,28340.307
Dominica,DMA,2009,28936.652
Dominica,DMA,2010,32673.596
Dominica,DMA,2011,33559.758
Dominica,DMA,2012,34420.766
Dominica,DMA,2013,35554.65
Dominica,DMA,2014,40464.473
Dominica,DMA,2015,45766.5
Dominica,DMA,2016,46656.902
Dominica,DMA,2017,47686.707
Dominica,DMA,2019,49811.703
Dominica,DMA,2020,51123.504
Dominica,DMA,2021,52470.984
Dominica,DMA,2022,53848.26
Dominica,DMA,2023,54096.91
Dominica,DMA,2024,54319.15
Dominican Republic,DOM,1990,0
Dominican Republic,DOM,1995,1356.7557
Dominican Republic,DOM,1996,6024.6704
Dominican Republic,DOM,1997,11688.932
Dominican Republic,DOM,1998,19446.246
Dominican Republic,DOM,1999,92908.29
Dominican Republic,DOM,2000,318017.84
Dominican Republic,DOM,2001,386255.44
Dominican Republic,DOM,2002,604052.25
Dominican Republic,DOM,2003,709324.7
Dominican Republic,DOM,2004,807199.1
Dominican Republic,DOM,2005,1059329
Dominican Republic,DOM,2006,1386692
Dominican Republic,DOM,2007,1669869.1
Dominican Republic,DOM,2008,1993125.6
Dominican Republic,DOM,2009,2687527.2
Dominican Republic,DOM,2010,3083535
Dominican Republic,DOM,2011,3779336
Dominican Republic,DOM,2012,4261798
Dominican Republic,DOM,2013,4678969.5
Dominican Republic,DOM,2014,5114439
Dominican Republic,DOM,2015,5657322.5
Dominican Republic,DOM,2016,6739289.5
Dominican Republic,DOM,2017,7207718
Dominican Republic,DOM,2018,8067353
Dominican Republic,DOM,2019,8684241
Dominican Republic,DOM,2020,8984677
Dominican Republic,DOM,2021,9481983
Dominican Republic,DOM,2022,9154474
Dominican Republic,DOM,2023,9759267
Dominican Republic,DOM,2024,10399333
East Asia and Pacific (WB),WB_EAP,2005,313782240
East Asia and Pacific (WB),WB_EAP,2006,357014370
East Asia and Pacific (WB),WB_EAP,2007,450745660
East Asia and Pacific (WB),WB_EAP,2008,550235100
East Asia and Pacific (WB),WB_EAP,2009,648748860
East Asia and Pacific (WB),WB_EAP,2010,757397950
East Asia and Pacific (WB),WB_EAP,2011,832098300
East Asia and Pacific (WB),WB_EAP,2012,908628900
East Asia and Pacific (WB),WB_EAP,2013,979375170
East Asia and Pacific (WB),WB_EAP,2014,1039395460
East Asia and Pacific (WB),WB_EAP,2015,1111307800
East Asia and Pacific (WB),WB_EAP,2016,1248904100
East Asia and Pacific (WB),WB_EAP,2017,1348748900
East Asia and Pacific (WB),WB_EAP,2018,1467235200
East Asia and Pacific (WB),WB_EAP,2019,1583400400
East Asia and Pacific (WB),WB_EAP,2020,1751002100
East Asia and Pacific (WB),WB_EAP,2021,1871592800
East Asia and Pacific (WB),WB_EAP,2022,1960804500
East Asia and Pacific (WB),WB_EAP,2023,2024390900
East Asia and Pacific (WB),WB_EAP,2024,2068284700
East Asia and Pacific (WB),WB_EAP,2025,2113532500
East Timor,TLS,1990,0
East Timor,TLS,2002,0
East Timor,TLS,2005,939.12915
East Timor,TLS,2006,4882.985
East Timor,TLS,2007,10048.89
East Timor,TLS,2008,15486.435
East Timor,TLS,2009,21175.639
East Timor,TLS,2010,32540.37
East Timor,TLS,2011,44408.277
East Timor,TLS,2012,79441.95
East Timor,TLS,2013,127456.45
East Timor,TLS,2014,206833.02
East Timor,TLS,2015,224154.38
East Timor,TLS,2016,260402.16
East Timor,TLS,2017,302912.16
East Timor,TLS,2018,352164.7
East Timor,TLS,2019,364324.47
East Timor,TLS,2020,424505.34
East Timor,TLS,2021,473115.72
Ecuador,ECU,1990,0
Ecuador,ECU,1992,559.6225
Ecuador,ECU,1993,1829.3009
Ecuador,ECU,1994,3957.5247
Ecuador,ECU,1995,5076.645
Ecuador,ECU,1996,10181.039
Ecuador,ECU,1997,13234.239
Ecuador,ECU,1998,15313.9795
Ecuador,ECU,1999,102634.64
Ecuador,ECU,2000,185540.11
Ecuador,ECU,2001,344774.06
Ecuador,ECU,2002,559803.6
Ecuador,ECU,2003,596435.44
Ecuador,ECU,2004,657904.8
Ecuador,ECU,2005,829980.5
Ecuador,ECU,2006,1014201.4
Ecuador,ECU,2007,1547507.5
Ecuador,ECU,2008,2740138
Ecuador,ECU,2009,3647184.8
Ecuador,ECU,2010,4376764.5
Ecuador,ECU,2011,4807348
Ecuador,ECU,2012,5471313
Ecuador,ECU,2013,6366972
Ecuador,ECU,2014,7310475.5
Ecuador,ECU,2015,7960761
Ecuador,ECU,2016,8923160
Ecuador,ECU,2017,9351811
Ecuador,ECU,2018,9803489
Ecuador,ECU,2019,10265293
Ecuador,ECU,2020,12405067
Ecuador,ECU,2021,12221192
Ecuador,ECU,2022,12426485
Ecuador,ECU,2023,13070498
Ecuador,ECU,2024,13995644
Egypt,EGY,1990,0
Egypt,EGY,1993,614.057
Egypt,EGY,1994,4101.4204
Egypt,EGY,1995,20549.27
Egypt,EGY,1996,41222.25
Egypt,EGY,1997,61930.723
Egypt,EGY,1998,103516.07
Egypt,EGY,1999,207410.77
Egypt,EGY,2000,468657.56
Egypt,EGY,2001,626289.94
Egypt,EGY,2002,2073704.4
Egypt,EGY,2003,3143637
Egypt,EGY,2004,9473711
Egypt,EGY,2005,10340378
Egypt,EGY,2006,11296875
Egypt,EGY,2007,13509479
Egypt,EGY,2008,15464249
Egypt,EGY,2009,17500328
Egypt,EGY,2010,19266352
Egypt,EGY,2011,23319824
Egypt,EGY,2012,24594504
Egypt,EGY,2013,28028064
Egypt,EGY,2014,33056952
Egypt,EGY,2015,37667100
Egypt,EGY,2016,41926428
Egypt,EGY,2017,46611588
Egypt,EGY,2018,49590620
Egypt,EGY,2019,61609532
Egypt,EGY,2020,78613096
Egypt,EGY,2021,79951180
Egypt,EGY,2022,81308200
Egypt,EGY,2023,84770104
Egypt,EGY,2024,86993944
El Salvador,SLV,1990,0
El Salvador,SLV,1996,5015.767
El Salvador,SLV,1997,15020.565
El Salvador,SLV,1998,24993.32
El Salvador,SLV,1999,49972.457
El Salvador,SLV,2000,69977.03
El Salvador,SLV,2001,89520.9
El Salvador,SLV,2002,113745.984
El Salvador,SLV,2003,149964.98
El Salvador,SLV,2004,192149.48
El Salvador,SLV,2005,252234.27
El Salvador,SLV,2006,330127.53
El Salvador,SLV,2007,367200.25
El Salvador,SLV,2008,607753.1
El Salvador,SLV,2009,732446.56
El Salvador,SLV,2010,964851.56
El Salvador,SLV,2011,1151034
El Salvador,SLV,2012,1242444.6
El Salvador,SLV,2013,1418642.8
El Salvador,SLV,2014,1526053.2
El Salvador,SLV,2015,1657386.2
El Salvador,SLV,2016,1798052.1
El Salvador,SLV,2017,2101462
El Salvador,SLV,2018,2724275.5
El Salvador,SLV,2019,3141722.8
El Salvador,SLV,2020,3404216.5
El Salvador,SLV,2021,3582298.8
El Salvador,SLV,2022,3771714.5
El Salvador,SLV,2023,3951080.2
El Salvador,SLV,2024,4213485
Equatorial Guinea,GNQ,1990,0
Equatorial Guinea,GNQ,1997,256.0106
Equatorial Guinea,GNQ,1998,605.55145
Equatorial Guinea,GNQ,1999,649.86646
Equatorial Guinea,GNQ,2000,930.8226
Equatorial Guinea,GNQ,2001,1239.1821
Equatorial Guinea,GNQ,2002,2563.0217
Equatorial Guinea,GNQ,2003,4413.327
Equatorial Guinea,GNQ,2004,7594.6724
Equatorial Guinea,GNQ,2005,10892.825
Equatorial Guinea,GNQ,2006,12668.467
Equatorial Guinea,GNQ,2007,16132.242
Equatorial Guinea,GNQ,2008,19738.447
Equatorial Guinea,GNQ,2009,24189.836
Equatorial Guinea,GNQ,2010,71345.1
Equatorial Guinea,GNQ,2011,142811.03
Equatorial Guinea,GNQ,2012,180352.92
Equatorial Guinea,GNQ,2013,220779.73
Equatorial Guinea,GNQ,2014,264007.56
Equatorial Guinea,GNQ,2015,309976.38
Equatorial Guinea,GNQ,2016,358646.62
Equatorial Guinea,GNQ,2017,409972.72
Equatorial Guinea,GNQ,2018,475228.06
Equatorial Guinea,GNQ,2019,820619.75
Equatorial Guinea,GNQ,2020,944079.75
Equatorial Guinea,GNQ,2021,1032711.6
Equatorial Guinea,GNQ,2022,1148127.8
Equatorial Guinea,GNQ,2023,1173553.9
Equatorial Guinea,GNQ,2024,1197949.4
Eritrea,ERI,1990,0
Eritrea,ERI,1993,0
Eritrea,ERI,1994,0
Eritrea,ERI,1995,0
Eritrea,ERI,1996,0
Eritrea,ERI,1997,194.12257
Eritrea,ERI,1998,191.22275
Eritrea,ERI,1999,564.2589
Eritrea,ERI,2000,3071.9597
Eritrea,ERI,2001,3648.8142
Eritrea,ERI,2002,5434.217
Eritrea,ERI,2007,11247.21
Eritrea,ERI,2008,13236.736
Eritrea,ERI,2009,15594.579
Eritrea,ERI,2010,17965.635
Eritrea,ERI,2011,20989.395
Eritrea,ERI,2012,24295.904
Eritrea,ERI,2013,27669.238
Eritrea,ERI,2014,30642.213
Eritrea,ERI,2015,33654.8
Eritrea,ERI,2016,36780.816
Eritrea,ERI,2017,78635.81
Eritrea,ERI,2018,168992.8
Eritrea,ERI,2019,363672.88
Eritrea,ERI,2020,472277.62
Estonia,EST,1990,0
Estonia,EST,1992,1004.17456
Estonia,EST,1993,4497.325
Estonia,EST,1994,16965.162
Estonia,EST,1995,39938.426
Estonia,EST,1996,49970.47
Estonia,EST,1997,79913.45
Estonia,EST,1998,149704.86
Estonia,EST,1999,201585.38
Estonia,EST,2000,399215.78
Estonia,EST,2001,437637.8
Estonia,EST,2002,572706.1
Estonia,EST,2003,621210.25
Estonia,EST,2004,724876.6
Estonia,EST,2005,832509.25
Estonia,EST,2006,855359.06
Estonia,EST,2007,887396.1
Estonia,EST,2008,943718.1
Estonia,EST,2009,967523.44
Estonia,EST,2010,986623
Estonia,EST,2011,1015490.8
Estonia,EST,2012,1036860.4
Estonia,EST,2013,1054454.4
Estonia,EST,2014,1107392.9
Estonia,EST,2015,1162947.4
Estonia,EST,2016,1147898.4
Estonia,EST,2017,1160647.6
Estonia,EST,2018,1181279.1
Estonia,EST,2019,1197245.9
Estonia,EST,2020,1184049.5
Estonia,EST,2021,1210877.9
Estonia,EST,2022,1234460.6
Estonia,EST,2023,1276879.5
Estonia,EST,2024,1265819.4
Eswatini,SWZ,1990,0
Eswatini,SWZ,1995,9.9954605
Eswatini,SWZ,1996,498.87985
Eswatini,SWZ,1997,890.87195
Eswatini,SWZ,1998,979.8866
Eswatini,SWZ,1999,4854.9834
Eswatini,SWZ,2000,9645.491
Eswatini,SWZ,2001,13470.332
Eswatini,SWZ,2002,19241.607
Eswatini,SWZ,2003,25996.268
Eswatini,SWZ,2004,34648.926
Eswatini,SWZ,2005,39891.445
Eswatini,SWZ,2006,40086.594
Eswatini,SWZ,2007,44718.902
Eswatini,SWZ,2008,75219.234
Eswatini,SWZ,2009,98800.67
Eswatini,SWZ,2010,122726.16
Eswatini,SWZ,2011,202663.11
Eswatini,SWZ,2012,233558.95
Eswatini,SWZ,2013,279107.53
Eswatini,SWZ,2014,284074.75
Eswatini,SWZ,2015,293051.53
Eswatini,SWZ,2016,328414.16
Eswatini,SWZ,2017,409208.84
Eswatini,SWZ,2018,460335.94
Eswatini,SWZ,2019,518364.66
Eswatini,SWZ,2020,584592.25
Eswatini,SWZ,2021,651503.5
Eswatini,SWZ,2022,698972.06
Eswatini,SWZ,2023,754709.94
Eswatini,SWZ,2024,787987.7
Ethiopia,ETH,1990,0
Ethiopia,ETH,1995,10.069035
Ethiopia,ETH,1996,1010.9498
Ethiopia,ETH,1997,3051.8057
Ethiopia,ETH,1998,6120.9165
Ethiopia,ETH,1999,8171.8203
Ethiopia,ETH,2000,10289.533
Ethiopia,ETH,2001,25823.307
Ethiopia,ETH,2002,51865.734
Ethiopia,ETH,2003,78123.56
Ethiopia,ETH,2004,118174.16
Ethiopia,ETH,2005,172141.83
Ethiopia,ETH,2006,250659.11
Ethiopia,ETH,2007,307481.9
Ethiopia,ETH,2008,384946.5
Ethiopia,ETH,2009,475241.25
Ethiopia,ETH,2010,679038.8
Ethiopia,ETH,2011,1024649.7
Ethiopia,ETH,2012,2778164.2
Ethiopia,ETH,2013,4528182.5
Ethiopia,ETH,2014,7785902
Ethiopia,ETH,2015,14390974
Ethiopia,ETH,2016,16399299
Ethiopia,ETH,2017,17134730
Ethiopia,ETH,2018,17898052
Ethiopia,ETH,2019,18500158
Ethiopia,ETH,2020,19109592
Ethiopia,ETH,2021,20394826
Ethiopia,ETH,2022,22548734
Ethiopia,ETH,2023,26172672
Ethiopia,ETH,2024,28975630
Europe and Central Asia (WB),WB_ECA,2005,303820670
Europe and Central Asia (WB),WB_ECA,2006,333703420
Europe and Central Asia (WB),WB_ECA,2007,383966140
Europe and Central Asia (WB),WB_ECA,2008,425312030
Europe and Central Asia (WB),WB_ECA,2009,467839580
Europe and Central Asia (WB),WB_ECA,2010,507864500
Europe and Central Asia (WB),WB_ECA,2011,537591740
Europe and Central Asia (WB),WB_ECA,2012,571976260
Europe and Central Asia (WB),WB_ECA,2013,594838000
Europe and Central Asia (WB),WB_ECA,2014,622552900
Europe and Central Asia (WB),WB_ECA,2015,634361000
Europe and Central Asia (WB),WB_ECA,2016,659071000
Europe and Central Asia (WB),WB_ECA,2017,681722560
Europe and Central Asia (WB),WB_ECA,2018,717282700
Europe and Central Asia (WB),WB_ECA,2019,740309100
Europe and Central Asia (WB),WB_ECA,2020,770332800
Europe and Central Asia (WB),WB_ECA,2021,797736500
Europe and Central Asia (WB),WB_ECA,2022,812431040
Europe and Central Asia (WB),WB_ECA,2023,828625340
Europe and Central Asia (WB),WB_ECA,2024,844067400
Europe and Central Asia (WB),WB_ECA,2025,861653200
Faroe Islands,FRO,1990,0
Faroe Islands,FRO,1995,0
Faroe Islands,FRO,1996,1011.07916
Faroe Islands,FRO,1997,2030.072
Faroe Islands,FRO,1998,5048.162
Faroe Islands,FRO,1999,10067.558
Faroe Islands,FRO,2000,15060.566
Faroe Islands,FRO,2001,20168.23
Faroe Islands,FRO,2002,25229.186
Faroe Islands,FRO,2003,28296.92
Faroe Islands,FRO,2004,32191.617
Faroe Islands,FRO,2005,32837.035
Faroe Islands,FRO,2006,33524.887
Faroe Islands,FRO,2007,36757.605
Faroe Islands,FRO,2008,36686.97
Faroe Islands,FRO,2009,36680.32
Faroe Islands,FRO,2010,36589.312
Faroe Islands,FRO,2011,39189.01
Faroe Islands,FRO,2012,41208.363
Faroe Islands,FRO,2013,43420.5
Faroe Islands,FRO,2014,45182.39
Faroe Islands,FRO,2015,46061.914
Faroe Islands,FRO,2016,47043.605
Faroe Islands,FRO,2017,48965.652
Fiji,FJI,1990,0
Fiji,FJI,1993,52.79665
Fiji,FJI,1994,62.866386
Fiji,FJI,1995,72.845634
Fiji,FJI,1996,517.64014
Fiji,FJI,1997,1811.07
Fiji,FJI,1998,5204.8936
Fiji,FJI,1999,7835.82
Fiji,FJI,2000,12587.187
Fiji,FJI,2001,15785.3125
Fiji,FJI,2002,52792.75
Fiji,FJI,2003,58261.5
Fiji,FJI,2004,64816.254
Fiji,FJI,2005,74593.11
Fiji,FJI,2006,85475.38
Fiji,FJI,2007,97843.94
Fiji,FJI,2008,117441.87
Fiji,FJI,2009,154230.62
Fiji,FJI,2010,182083.8
Fiji,FJI,2011,255636.92
Fiji,FJI,2012,308715.3
Fiji,FJI,2013,322555.9
Fiji,FJI,2014,343176.8
Fiji,FJI,2015,390395.66
Fiji,FJI,2016,454251.84
Fiji,FJI,2017,492890.3
Fiji,FJI,2018,534132.6
Fiji,FJI,2019,578379.94
Fiji,FJI,2020,627898.9
Fiji,FJI,2021,646904.6
Fiji,FJI,2022,667183.1
Fiji,FJI,2023,684940.25
Fiji,FJI,2024,693849.94
Finland,FIN,1990,19995.588
Finland,FIN,1991,70192.36
Finland,FIN,1992,95293.65
Finland,FIN,1993,130207.69
Finland,FIN,1994,250346
Finland,FIN,1995,709982.8
Finland,FIN,1996,860928.25
Finland,FIN,1997,1002267.8
Finland,FIN,1998,1314142
Finland,FIN,1999,1668448
Finland,FIN,2000,1928058.2
Finland,FIN,2001,2236309.5
Finland,FIN,2002,3246733.2
Finland,FIN,2003,3608448.2
Finland,FIN,2004,3784673.8
Finland,FIN,2005,3907292.5
Finland,FIN,2006,4195109.5
Finland,FIN,2007,4272228
Finland,FIN,2008,4445720.5
Finland,FIN,2009,4404034.5
Finland,FIN,2010,4660216.5
Finland,FIN,2011,4779935.5
Finland,FIN,2012,4866077
Finland,FIN,2013,4977442.5
Finland,FIN,2014,4725868
Finland,FIN,2015,4735527.5
Finland,FIN,2016,4819581.5
Finland,FIN,2017,4817975.5
Finland,FIN,2018,4902748
Finland,FIN,2019,4947766.5
Finland,FIN,2020,5096595
Finland,FIN,2021,5142510.5
Finland,FIN,2022,5166556
Finland,FIN,2023,5221730
Finland,FIN,2024,5267208.5
France,FRA,1990,30761.814
France,FRA,1991,81975.94
France,FRA,1992,164181.97
France,FRA,1993,349299.3
France,FRA,1994,533923.75
France,FRA,1995,976477.25
France,FRA,1996,1541666.1
France,FRA,1997,2554639.8
France,FRA,1998,3804051.5
France,FRA,1999,5523831.5
France,FRA,2000,8716195
France,FRA,2001,16154726
France,FRA,2002,18654906
France,FRA,2003,22497098
France,FRA,2004,24550022
France,FRA,2005,27085632
France,FRA,2006,29819792
France,FRA,2007,42308760
France,FRA,2008,45500332
France,FRA,2009,46316868
France,FRA,2010,50252252
France,FRA,2011,50848230
France,FRA,2012,53471600
France,FRA,2013,54065376
France,FRA,2014,55537084
France,FRA,2015,51911668
France,FRA,2016,52892070
France,FRA,2017,53870650
France,FRA,2018,55098852
France,FRA,2019,56156036
France,FRA,2020,57262464
France,FRA,2021,58409600
France,FRA,2022,58184064
France,FRA,2023,59372000
France,FRA,2024,60773656
French Polynesia,PYF,1990,0
French Polynesia,PYF,1996,205.19499
French Polynesia,PYF,1997,490.31894
French Polynesia,PYF,1998,3074.1614
French Polynesia,PYF,1999,8162.5273
French Polynesia,PYF,2000,15278.377
French Polynesia,PYF,2001,15259.939
French Polynesia,PYF,2002,20318.086
French Polynesia,PYF,2003,35541.95
French Polynesia,PYF,2004,45722.53
French Polynesia,PYF,2005,55903.48
French Polynesia,PYF,2006,66089.94
French Polynesia,PYF,2007,76174.625
French Polynesia,PYF,2008,90899.97
French Polynesia,PYF,2009,120188.52
French Polynesia,PYF,2010,132584.2
French Polynesia,PYF,2011,133146.23
French Polynesia,PYF,2012,144397.61
French Polynesia,PYF,2013,156045.52
French Polynesia,PYF,2014,167711.64
French Polynesia,PYF,2015,179390.88
French Polynesia,PYF,2016,191070.6
French Polynesia,PYF,2017,203634.17
Gabon,GAB,1990,0
Gabon,GAB,1996,0
Gabon,GAB,1997,567.09076
Gabon,GAB,1998,2059.9512
Gabon,GAB,1999,3095.1096
Gabon,GAB,2000,15512.75
Gabon,GAB,2001,17648.287
Gabon,GAB,2002,26089.299
Gabon,GAB,2003,36764.797
Gabon,GAB,2004,42350.723
Gabon,GAB,2005,71612.69
Gabon,GAB,2006,82795.65
Gabon,GAB,2007,89748.19
Gabon,GAB,2008,120538.13
Gabon,GAB,2009,157847.81
Gabon,GAB,2010,223584.27
Gabon,GAB,2011,320757.3
Gabon,GAB,2012,443253.34
Gabon,GAB,2013,584209.94
Gabon,GAB,2014,753200.25
Gabon,GAB,2015,934456.6
Gabon,GAB,2016,1009245.3
Gabon,GAB,2017,1113066.1
Gabon,GAB,2018,1226071.1
Gabon,GAB,2019,1349684.1
Gabon,GAB,2020,1484518.1
Gabon,GAB,2021,1563124.9
Gabon,GAB,2022,1644927.8
Gabon,GAB,2023,1694573.9
Gabon,GAB,2024,1744790.8
Gambia,GMB,1990,0
Gambia,GMB,1995,116.569664
Gambia,GMB,1996,462.00058
Gambia,GMB,1997,686.85004
Gambia,GMB,1998,2836.5933
Gambia,GMB,1999,10136.978
Gambia,GMB,2000,13412.89
Gambia,GMB,2001,19985.176
Gambia,GMB,2002,27592.986
Gambia,GMB,2003,38442.926
Gambia,GMB,2004,53633.055
Gambia,GMB,2005,63330.734
Gambia,GMB,2006,89840.805
Gambia,GMB,2007,109566.94
Gambia,GMB,2008,125068.22
Gambia,GMB,2009,142789.5
Gambia,GMB,2010,177249.95
Gambia,GMB,2011,215643.28
Gambia,GMB,2012,254348.86
Gambia,GMB,2013,294534.8
Gambia,GMB,2014,336800.6
Gambia,GMB,2015,391506
Gambia,GMB,2016,454616.2
Gambia,GMB,2017,527357.94
Gambia,GMB,2018,679311.8
Gambia,GMB,2019,764528.1
Gambia,GMB,2020,905940.6
Gambia,GMB,2021,1073503.2
Gambia,GMB,2022,1271448.2
Gambia,GMB,2023,1314614
Gambia,GMB,2024,1366036.8
Georgia,GEO,1990,0
Georgia,GEO,1995,549.6112
Georgia,GEO,1996,1801.1713
Georgia,GEO,1997,2649.097
Georgia,GEO,1998,4370.9155
Georgia,GEO,1999,17293.918
Georgia,GEO,2000,19763.742
Georgia,GEO,2001,39836.406
Georgia,GEO,2002,63173.867
Georgia,GEO,2003,101117.67
Georgia,GEO,2004,152625.12
Georgia,GEO,2005,237250.61
Georgia,GEO,2006,292068.94
Georgia,GEO,2007,318849.06
Georgia,GEO,2008,385229.75
Georgia,GEO,2009,765553.9
Georgia,GEO,2010,1018620.94
Georgia,GEO,2011,1184030.2
Georgia,GEO,2012,1377446
Georgia,GEO,2013,1609750.2
Georgia,GEO,2014,1826323.6
Georgia,GEO,2015,1772104.9
Georgia,GEO,2016,2179073
Georgia,GEO,2017,2225823.8
Georgia,GEO,2018,2337213.5
Georgia,GEO,2019,2561208.5
Georgia,GEO,2020,2700144.8
Georgia,GEO,2021,2834962
Georgia,GEO,2022,2922157.5
Georgia,GEO,2023,3042395.5
Georgia,GEO,2024,3194834.8
Germany,DEU,1990,100085.62
Germany,DEU,1991,200034.73
Germany,DEU,1992,350717
Germany,DEU,1993,376565.53
Germany,DEU,1994,751675.94
Germany,DEU,1995,1502876.1
Germany,DEU,1996,2498402.2
Germany,DEU,1997,5504533.5
Germany,DEU,1998,8106263
Germany,DEU,1999,17076850
Germany,DEU,2000,24841316
Germany,DEU,2001,26064526
Germany,DEU,2002,40270884
Germany,DEU,2003,46136604
Germany,DEU,2004,53412776
Germany,DEU,2005,56664740
Germany,DEU,2006,59442852
Germany,DEU,2007,61831410
Germany,DEU,2008,64045870
Germany,DEU,2009,64702824
Germany,DEU,2010,67057084
Germany,DEU,2011,65239476
Germany,DEU,2012,66230664
Germany,DEU,2013,67879400
Germany,DEU,2014,69801816
Germany,DEU,2015,71549140
Germany,DEU,2016,69308930
Germany,DEU,2017,69757680
Germany,DEU,2018,72158800
Germany,DEU,2019,73233576
Germany,DEU,2020,74689224
Germany,DEU,2021,76066680
Germany,DEU,2022,76215704
Germany,DEU,2023,77021060
Germany,DEU,2024,78088010
Ghana,GHA,1990,0
Ghana,GHA,1995,60.54858
Ghana,GHA,1996,1006.27527
Ghana,GHA,1997,5015.7134
Ghana,GHA,1998,6017.548
Ghana,GHA,1999,20107.357
Ghana,GHA,2000,30165.568
Ghana,GHA,2001,40335.766
Ghana,GHA,2002,172112.8
Ghana,GHA,2003,254082.03
Ghana,GHA,2004,375434.47
Ghana,GHA,2005,411093.56
Ghana,GHA,2006,627438.9
Ghana,GHA,2007,910227.75
Ghana,GHA,2008,1035472.7
Ghana,GHA,2009,1352529
Ghana,GHA,2010,1987049.6
Ghana,GHA,2011,2348558
Ghana,GHA,2012,2833832.5
Ghana,GHA,2013,4107929
Ghana,GHA,2014,5327902.5
Ghana,GHA,2015,6600096
Ghana,GHA,2016,8219888
Ghana,GHA,2017,11368425
Ghana,GHA,2018,13174162
Ghana,GHA,2019,6899849.5
Ghana,GHA,2020,19935494
Ghana,GHA,2021,22307804
Ghana,GHA,2022,23175666
Ghana,GHA,2023,23879372
Ghana,GHA,2024,24848226
Gibraltar,GIB,1990,0
Gibraltar,GIB,1997,733.6812
Gibraltar,GIB,1998,1155.77
Gibraltar,GIB,1999,1644.9048
Gibraltar,GIB,2000,5301.1855
Gibraltar,GIB,2001,5855.294
Gibraltar,GIB,2002,6587.6646
Gibraltar,GIB,2003,8008.8306
Gibraltar,GIB,2004,9443.238
Gibraltar,GIB,2005,11394.021
Gibraltar,GIB,2006,13405.682
Gibraltar,GIB,2007,15486.097
Gibraltar,GIB,2008,17639.54
Gibraltar,GIB,2009,20056.525
Gibraltar,GIB,2010,20311.2
Gibraltar,GIB,2011,20579
Gibraltar,GIB,2012,20824.293
Gibraltar,GIB,2016,31788.121
Greece,GRC,1990,0
Greece,GRC,1991,5036.1245
Greece,GRC,1992,5022.7466
Greece,GRC,1993,19979.393
Greece,GRC,1994,39738.844
Greece,GRC,1995,79216.15
Greece,GRC,1996,148523.19
Greece,GRC,1997,197233.3
Greece,GRC,1998,345200.4
Greece,GRC,1999,740404.9
Greece,GRC,2000,987525.1
Greece,GRC,2001,1187777
Greece,GRC,2002,1599326.6
Greece,GRC,2003,1945196.4
Greece,GRC,2004,2346591.2
Greece,GRC,2005,2636955.2
Greece,GRC,2006,3554066.8
Greece,GRC,2007,3964192.5
Greece,GRC,2008,4231735.5
Greece,GRC,2009,4709375.5
Greece,GRC,2010,4937875.5
Greece,GRC,2011,5735679.5
Greece,GRC,2012,6082487
Greece,GRC,2013,6564466
Greece,GRC,2014,6884804.5
Greece,GRC,2015,7232133
Greece,GRC,2016,7444893
Greece,GRC,2017,7516764
Greece,GRC,2018,7753259.5
Greece,GRC,2019,8113150
Greece,GRC,2020,8357301
Greece,GRC,2021,8296945.5
Greece,GRC,2022,8681192
Greece,GRC,2023,8847312
Greece,GRC,2024,8976477
Greenland,GRL,1990,0
Greenland,GRL,1994,35.9085
Greenland,GRL,1995,30.076199
Greenland,GRL,1996,1006.19995
Greenland,GRL,1997,4452
Greenland,GRL,1998,8246.7
Greenland,GRL,1999,12117.601
Greenland,GRL,2000,17837.506
Greenland,GRL,2001,19994.326
Greenland,GRL,2002,24989.404
Greenland,GRL,2003,30948.74
Greenland,GRL,2004,31919.219
Greenland,GRL,2005,32853.434
Greenland,GRL,2006,33702.598
Greenland,GRL,2007,34538.14
Greenland,GRL,2008,35385.25
Greenland,GRL,2009,35387.742
Greenland,GRL,2010,35616.418
Greenland,GRL,2011,36409.598
Greenland,GRL,2012,36867.426
Greenland,GRL,2013,37165.816
Greenland,GRL,2014,37548.766
Greenland,GRL,2015,37933.312
Greenland,GRL,2016,38487.902
Greenland,GRL,2017,39029.688
Grenada,GRD,1990,0
Grenada,GRD,1991,0
Grenada,GRD,1992,0
Grenada,GRD,1993,0
Grenada,GRD,1994,0
Grenada,GRD,1995,0
Grenada,GRD,1996,311.66034
Grenada,GRD,1997,1043.4536
Grenada,GRD,1998,1568.9332
Grenada,GRD,1999,2636.157
Grenada,GRD,2000,4366.71
Grenada,GRD,2001,5537.686
Grenada,GRD,2002,15999.173
Grenada,GRD,2003,20301.621
Grenada,GRD,2004,21395.191
Grenada,GRD,2005,22482.082
Grenada,GRD,2006,23564.484
Grenada,GRD,2007,24635.354
Grenada,GRD,2008,25705.693
Grenada,GRD,2009,26756.586
Grenada,GRD,2010,30128.22
Grenada,GRD,2011,33623.703
Grenada,GRD,2012,36088
Grenada,GRD,2013,39720.45
Grenada,GRD,2014,58892.11
Grenada,GRD,2015,60204.9
Grenada,GRD,2016,61364.29
Grenada,GRD,2017,62567.395
Grenada,GRD,2018,71062.734
Grenada,GRD,2019,74590.625
Grenada,GRD,2020,76382.29
Grenada,GRD,2021,78207.555
Grenada,GRD,2022,79992.23
Grenada,GRD,2023,81269.555
Grenada,GRD,2024,82234.305
Guam,GUM,1990,0
Guam,GUM,1994,514.5806
Guam,GUM,1995,990.35645
Guam,GUM,1996,2069.4985
Guam,GUM,1997,3608.6309
Guam,GUM,1998,7030.665
Guam,GUM,1999,13454.565
Guam,GUM,2000,25791.475
Guam,GUM,2001,40945.668
Guam,GUM,2002,50629.773
Guam,GUM,2003,55004.383
Guam,GUM,2004,59236.63
Guam,GUM,2005,63378.94
Guam,GUM,2006,72284.28
Guam,GUM,2007,76271.51
Guam,GUM,2008,80226.4
Guam,GUM,2009,84153.38
Guam,GUM,2010,89988.49
Guam,GUM,2011,96095.31
Guam,GUM,2012,102350.38
Guam,GUM,2013,108541.77
Guam,GUM,2014,114632.15
Guam,GUM,2015,120611.516
Guam,GUM,2016,126475.836
Guam,GUM,2017,131618.38
Guatemala,GTM,1990,0
Guatemala,GTM,1995,309.3899
Guatemala,GTM,1996,2063.7876
Guatemala,GTM,1997,10369.155
Guatemala,GTM,1998,52019.81
Guatemala,GTM,1999,67738.18
Guatemala,GTM,2000,83325.8
Guatemala,GTM,2001,208052.72
Guatemala,GTM,2002,415384.3
Guatemala,GTM,2003,569782.4
Guatemala,GTM,2004,653177.5
Guatemala,GTM,2005,745994.8
Guatemala,GTM,2006,868884.8
Guatemala,GTM,2007,996598.9
Guatemala,GTM,2008,1156619.5
Guatemala,GTM,2009,1322051.9
Guatemala,GTM,2010,1522511.8
Guatemala,GTM,2011,1819431.5
Guatemala,GTM,2012,2414343.5
Guatemala,GTM,2013,3031305.5
Guatemala,GTM,2014,3669523.5
Guatemala,GTM,2015,4600804.5
Guatemala,GTM,2016,5614235.5
Guatemala,GTM,2017,6279028.5
Guatemala,GTM,2018,6990959
Guatemala,GTM,2019,7594268
Guatemala,GTM,2020,8246864
Guatemala,GTM,2021,8947444
Guatemala,GTM,2022,9710013
Guatemala,GTM,2023,10281622
Guatemala,GTM,2024,11084568
Guinea,GIN,1990,0
Guinea,GIN,1994,10.136249
Guinea,GIN,1995,50.531235
Guinea,GIN,1996,151.51567
Guinea,GIN,1997,301.3921
Guinea,GIN,1998,501.08337
Guinea,GIN,1999,5025.195
Guinea,GIN,2000,8043.206
Guinea,GIN,2001,14991.205
Guinea,GIN,2002,34871.72
Guinea,GIN,2003,40003.707
Guinea,GIN,2004,46112.902
Guinea,GIN,2005,50140.21
Guinea,GIN,2006,60187.465
Guinea,GIN,2007,75368.234
Guinea,GIN,2008,91069.61
Guinea,GIN,2009,95349.22
Guinea,GIN,2010,103960.86
Guinea,GIN,2011,213136.19
Guinea,GIN,2012,338569
Guinea,GIN,2013,503634.3
Guinea,GIN,2014,734267.2
Guinea,GIN,2015,1082570.5
Guinea,GIN,2016,1581566.9
Guinea,GIN,2017,2316118.2
Guinea,GIN,2018,2773455
Guinea,GIN,2019,3113970.5
Guinea,GIN,2020,3495962.8
Guinea,GIN,2021,3923030
Guinea,GIN,2022,4401225.5
Guinea,GIN,2023,4655213.5
Guinea,GIN,2024,4914037
Guinea-Bissau,GNB,1990,0
Guinea-Bissau,GNB,1997,191.14938
Guinea-Bissau,GNB,1998,286.181
Guinea-Bissau,GNB,1999,1428.0431
Guinea-Bissau,GNB,2000,2841.1782
Guinea-Bissau,GNB,2001,3778.3845
Guinea-Bissau,GNB,2002,13189.523
Guinea-Bissau,GNB,2003,17859.238
Guinea-Bissau,GNB,2004,24402.018
Guinea-Bissau,GNB,2005,26269.455
Guinea-Bissau,GNB,2006,29115.611
Guinea-Bissau,GNB,2007,32013.104
Guinea-Bissau,GNB,2008,35042.016
Guinea-Bissau,GNB,2009,35156.746
Guinea-Bissau,GNB,2010,38375.504
Guinea-Bissau,GNB,2011,42967.79
Guinea-Bissau,GNB,2012,47792.008
Guinea-Bissau,GNB,2013,52575.164
Guinea-Bissau,GNB,2014,57805.25
Guinea-Bissau,GNB,2015,108973.875
Guinea-Bissau,GNB,2016,252801.23
Guinea-Bissau,GNB,2017,277806.66
Guinea-Bissau,GNB,2018,301780.38
Guinea-Bissau,GNB,2019,352640.62
Guinea-Bissau,GNB,2020,411857.62
Guinea-Bissau,GNB,2021,480778.5
Guinea-Bissau,GNB,2022,582679.9
Guinea-Bissau,GNB,2023,618275.3
Guinea-Bissau,GNB,2024,655505.4
Guyana,GUY,1990,0
Guyana,GUY,1996,501.18658
Guyana,GUY,1997,1006.16345
Guyana,GUY,1998,2015.8671
Guyana,GUY,1999,3057.9321
Guyana,GUY,2000,4588.992
Guyana,GUY,2001,7644.77
Guyana,GUY,2002,11454.779
Guyana,GUY,2003,18314.424
Guyana,GUY,2004,28209.467
Guyana,GUY,2005,43372.094
Guyana,GUY,2006,67547.97
Guyana,GUY,2007,104446.81
Guyana,GUY,2008,137338.3
Guyana,GUY,2009,179750.45
Guyana,GUY,2010,224027.55
Guyana,GUY,2011,223845.9
Guyana,GUY,2012,227617.84
Guyana,GUY,2013,232506.52
Guyana,GUY,2014,241353.28
Guyana,GUY,2015,257985.55
Guyana,GUY,2016,272281.22
Guyana,GUY,2017,327950.72
Guyana,GUY,2018,384687.5
Guyana,GUY,2019,446741.3
Guyana,GUY,2020,508341.56
Guyana,GUY,2021,584300.25
Guyana,GUY,2022,629065
Guyana,GUY,2023,655754.9
Guyana,GUY,2024,689808.9
Haiti,HTI,1990,0
Haiti,HTI,1996,576.52527
Haiti,HTI,1998,1920.5144
Haiti,HTI,1999,5762.966
Haiti,HTI,2000,19202.758
Haiti,HTI,2001,28820.502
Haiti,HTI,2002,76903.51
Haiti,HTI,2003,144307.14
Haiti,HTI,2004,481266.62
Haiti,HTI,2005,577764.9
Haiti,HTI,2006,626357.56
Haiti,HTI,2007,674877.3
Haiti,HTI,2008,724338.8
Haiti,HTI,2009,784856.06
Haiti,HTI,2010,820535.75
Haiti,HTI,2011,892341.4
Haiti,HTI,2012,986837.6
Haiti,HTI,2013,1083570.4
Haiti,HTI,2014,1182548.8
Haiti,HTI,2015,1494300.4
Haiti,HTI,2016,2433092
Haiti,HTI,2017,2942429.2
Haiti,HTI,2018,3559876.8
Haiti,HTI,2019,3971661.5
Haiti,HTI,2020,4428738
Haiti,HTI,2021,4934204.5
Haiti,HTI,2022,5495813
Haiti,HTI,2023,5585101
Haiti,HTI,2024,5634510.5
High-income countries,OWID_HIC,2005,681947650
High-income countries,OWID_HIC,2006,722368500
High-income countries,OWID_HIC,2007,800319360
High-income countries,OWID_HIC,2008,841389440
High-income countries,OWID_HIC,2009,878308740
High-income countries,OWID_HIC,2010,916773800
High-income countries,OWID_HIC,2011,939528600
High-income countries,OWID_HIC,2012,989369700
High-income countries,OWID_HIC,2013,1013961800
High-income countries,OWID_HIC,2014,1045271300
High-income countries,OWID_HIC,2015,1069588000
High-income countries,OWID_HIC,2016,1133783800
High-income countries,OWID_HIC,2017,1162227600
High-income countries,OWID_HIC,2018,1195108200
High-income countries,OWID_HIC,2019,1216046300
High-income countries,OWID_HIC,2020,1231826800
High-income countries,OWID_HIC,2021,1252628900
High-income countries,OWID_HIC,2022,1272205300
High-income countries,OWID_HIC,2023,1294079400
High-income countries,OWID_HIC,2024,1318671400
High-income countries,OWID_HIC,2025,1341163000
Honduras,HND,1990,0
Honduras,HND,1995,2112.1865
Honduras,HND,1996,2580.0278
Honduras,HND,1997,10382.187
Honduras,HND,1998,18765.639
Honduras,HND,1999,36738.656
Honduras,HND,2000,79186.914
Honduras,HND,2001,95644.66
Honduras,HND,2002,180230.11
Honduras,HND,2003,341722.22
Honduras,HND,2004,408743.66
Honduras,HND,2005,486093.06
Honduras,HND,2006,597232.94
Honduras,HND,2007,736471
Honduras,HND,2008,769208.4
Honduras,HND,2009,802610.1
Honduras,HND,2010,927775.9
Honduras,HND,2011,1357952.6
Honduras,HND,2012,1579171.9
Honduras,HND,2013,1582291.4
Honduras,HND,2014,2084518.1
Honduras,HND,2015,2506962.5
Honduras,HND,2016,2779308.2
Honduras,HND,2017,3042871.2
Honduras,HND,2018,3519387.8
Honduras,HND,2019,3916633.2
Honduras,HND,2020,4578965
Honduras,HND,2021,5345755.5
Honduras,HND,2022,5951923.5
Honduras,HND,2023,6181315.5
Honduras,HND,2024,6346319.5
Hong Kong,HKG,1990,0
Hong Kong,HKG,1991,6959.92
Hong Kong,HKG,1992,49304.254
Hong Kong,HKG,1993,78483.305
Hong Kong,HKG,1994,167784.11
Hong Kong,HKG,1995,198226.42
Hong Kong,HKG,1996,305686.25
Hong Kong,HKG,1997,681376.5
Hong Kong,HKG,1998,948836.5
Hong Kong,HKG,1999,1400578.1
Hong Kong,HKG,2000,1854720.2
Hong Kong,HKG,2001,2596514
Hong Kong,HKG,2002,2905519
Hong Kong,HKG,2003,3513480.5
Hong Kong,HKG,2004,3825886
Hong Kong,HKG,2005,3876710.8
Hong Kong,HKG,2006,4169116.8
Hong Kong,HKG,2007,4481762.5
Hong Kong,HKG,2008,4640852.5
Hong Kong,HKG,2009,4839123
Hong Kong,HKG,2010,5057424
Hong Kong,HKG,2011,5105695
Hong Kong,HKG,2012,5212423
Hong Kong,HKG,2013,5326743.5
Hong Kong,HKG,2014,5773932
Hong Kong,HKG,2015,6193839.5
Hong Kong,HKG,2016,6418015
Hong Kong,HKG,2017,6610700
Hong Kong,HKG,2018,6745154
Hong Kong,HKG,2019,6888002.5
Hong Kong,HKG,2020,6913427
Hong Kong,HKG,2021,6900644.5
Hong Kong,HKG,2022,7023868.5
Hong Kong,HKG,2023,7232984.5
Hong Kong,HKG,2024,7204729.5
Hungary,HUN,1990,0
Hungary,HUN,1991,350.6209
Hungary,HUN,1992,5018.7607
Hungary,HUN,1993,19990.02
Hungary,HUN,1994,50061.84
Hungary,HUN,1995,69927.09
Hungary,HUN,1996,99915.89
Hungary,HUN,1997,199635.44
Hungary,HUN,1998,399369.6
Hungary,HUN,1999,599919.25
Hungary,HUN,2000,714734.9
Hungary,HUN,2001,1480107.5
Hungary,HUN,2002,1693440
Hungary,HUN,2003,2191022
Hungary,HUN,2004,2803722.2
Hungary,HUN,2005,3930929.5
Hungary,HUN,2006,4739587
Hungary,HUN,2007,5359730.5
Hungary,HUN,2008,6123295
Hungary,HUN,2009,6214043
Hungary,HUN,2010,6500014.5
Hungary,HUN,2011,6782767.5
Hungary,HUN,2012,7001791.5
Hungary,HUN,2013,7171939
Hungary,HUN,2014,7439007.5
Hungary,HUN,2015,7136169.5
Hungary,HUN,2016,7735524.5
Hungary,HUN,2017,7465338.5
Hungary,HUN,2018,7384511
Hungary,HUN,2019,7791894.5
Hungary,HUN,2020,8197725.5
Hungary,HUN,2021,8536938
Hungary,HUN,2022,8562235
Hungary,HUN,2023,8772061
Hungary,HUN,2024,8967208
Iceland,ISL,1990,0
Iceland,ISL,1991,1301.8748
Iceland,ISL,1992,4020.2778
Iceland,ISL,1993,7041.458
Iceland,ISL,1994,18062.826
Iceland,ISL,1995,29956.414
Iceland,ISL,1996,39799.57
Iceland,ISL,1997,74560.2
Iceland,ISL,1998,99479.06
Iceland,ISL,1999,114558.35
Iceland,ISL,2000,125053.375
Iceland,ISL,2001,140754.23
Iceland,ISL,2002,227488.2
Iceland,ISL,2003,240707.75
Iceland,ISL,2004,244991.66
Iceland,ISL,2005,258158.58
Iceland,ISL,2006,271915.28
Iceland,ISL,2007,282278.78
Iceland,ISL,2008,288846.75
Iceland,ISL,2009,296204.06
Iceland,ISL,2010,297018.5
Iceland,ISL,2011,302488.1
Iceland,ISL,2012,308560.22
Iceland,ISL,2013,312583.78
Iceland,ISL,2014,321355.62
Iceland,ISL,2015,324860.3
Iceland,ISL,2016,329535.28
Iceland,ISL,2017,337408.38
Iceland,ISL,2018,349232.44
Iceland,ISL,2019,358778
Iceland,ISL,2020,364750.72
Iceland,ISL,2021,371354.1
Iceland,ISL,2022,372771.5
Iceland,ISL,2023,377751.5
Iceland,ISL,2024,379584.44
India,IND,1990,0
India,IND,1992,1002.28235
India,IND,1993,2010.218
India,IND,1994,10070.452
India,IND,1995,251598.89
India,IND,1996,453591.12
India,IND,1997,707386.7
India,IND,1998,1415944.5
India,IND,1999,2834356.5
India,IND,2000,5580885.5
India,IND,2001,7115708
India,IND,2002,16879728
India,IND,2003,18834770
India,IND,2004,22448742
India,IND,2005,27574824
India,IND,2006,32905114
India,IND,2007,47031704
India,IND,2008,52907376
India,IND,2009,62746864
India,IND,2010,93261120
India,IND,2011,127005350
India,IND,2012,141932860
India,IND,2013,159387040
India,IND,2014,177157420
India,IND,2015,197875630
India,IND,2016,221750820
India,IND,2017,247457660
India,IND,2018,276049440
India,IND,2019,410090370
India,IND,2020,608812400
India,IND,2021,696609900
India,IND,2022,796811600
India,IND,2023,866470100
India,IND,2024,942288450
India,IND,2025,1024705860
Indonesia,IDN,1990,0
Indonesia,IDN,1994,2083.8735
Indonesia,IDN,1995,52170.785
Indonesia,IDN,1996,115013.664
Indonesia,IDN,1997,402745.38
Indonesia,IDN,1998,535058.25
Indonesia,IDN,1999,945740.8
Indonesia,IDN,2000,1999937.9
Indonesia,IDN,2001,4422740.5
Indonesia,IDN,2002,4739670
Indonesia,IDN,2003,5371940.5
Indonesia,IDN,2004,5926744.5
Indonesia,IDN,2005,8316054.5
Indonesia,IDN,2006,11147358
Indonesia,IDN,2007,13717078
Indonesia,IDN,2008,19014502
Indonesia,IDN,2009,16830826
Indonesia,IDN,2010,26896542
Indonesia,IDN,2011,30634920
Indonesia,IDN,2012,36691824
Indonesia,IDN,2013,38224356
Indonesia,IDN,2014,44379770
Indonesia,IDN,2015,57760096
Indonesia,IDN,2016,67340670
Indonesia,IDN,2017,86448700
Indonesia,IDN,2018,107723310
Indonesia,IDN,2019,129951950
Indonesia,IDN,2020,147648400
Indonesia,IDN,2021,171879140
Indonesia,IDN,2022,185379400
Indonesia,IDN,2023,194607060
Indonesia,IDN,2024,206324660
Iran,IRN,1990,0
Iran,IRN,1994,251.00404
Iran,IRN,1995,2600.1929
Iran,IRN,1996,9935.245
Iran,IRN,1997,29783.35
Iran,IRN,1998,64390.82
Iran,IRN,1999,248038.03
Iran,IRN,2000,620476.5
Iran,IRN,2001,1001137.06
Iran,IRN,2002,3146322.5
Iran,IRN,2003,4768275
Iran,IRN,2004,5262198
Iran,IRN,2005,5818105
Iran,IRN,2006,6429204.5
Iran,IRN,2007,7064871
Iran,IRN,2008,9076808
Iran,IRN,2009,10551180
Iran,IRN,2010,12309913
Iran,IRN,2011,14892883
Iran,IRN,2012,18040932
Iran,IRN,2013,24084200
Iran,IRN,2014,32074002
Iran,IRN,2015,37455468
Iran,IRN,2016,44610544
Iran,IRN,2017,54454510
Iran,IRN,2018,60455320
Iran,IRN,2019,63069708
Iran,IRN,2020,66292492
Iran,IRN,2021,69522240
Iran,IRN,2022,73156080
Iran,IRN,2023,75849010
Iran,IRN,2024,78144270
Iraq,IRQ,1990,0
Iraq,IRQ,2001,25197.842
Iraq,IRQ,2002,130032.79
Iraq,IRQ,2003,160815.95
Iraq,IRQ,2004,248200.89
Iraq,IRQ,2005,255667.02
Iraq,IRQ,2006,272527.72
Iraq,IRQ,2007,264041.94
Iraq,IRQ,2008,289710.34
Iraq,IRQ,2009,318616.97
Iraq,IRQ,2010,776134.2
Iraq,IRQ,2011,1608071.2
Iraq,IRQ,2012,2389493.8
Iraq,IRQ,2013,3245943
Iraq,IRQ,2014,4256374
Iraq,IRQ,2015,5714610
Iraq,IRQ,2016,7646684.5
Iraq,IRQ,2017,10215596
Iraq,IRQ,2018,13661361
Iraq,IRQ,2019,18258984
Iraq,IRQ,2020,22607266
Iraq,IRQ,2021,27997234
Iraq,IRQ,2022,34690400
Iraq,IRQ,2023,36874584
Iraq,IRQ,2024,37512500
Ireland,IRL,1990,0
Ireland,IRL,1991,2007.4456
Ireland,IRL,1992,6049.331
Ireland,IRL,1993,10049.293
Ireland,IRL,1994,20034.354
Ireland,IRL,1995,40058.133
Ireland,IRL,1996,80025.22
Ireland,IRL,1997,150273.61
Ireland,IRL,1998,300728.38
Ireland,IRL,1999,409271.66
Ireland,IRL,2000,679241.4
Ireland,IRL,2001,894602.75
Ireland,IRL,2002,1016408.3
Ireland,IRL,2003,1371206.4
Ireland,IRL,2004,1505590
Ireland,IRL,2005,1730940.2
Ireland,IRL,2006,2342782.8
Ireland,IRL,2007,2690319.2
Ireland,IRL,2008,2933467.8
Ireland,IRL,2009,3055935.8
Ireland,IRL,2010,3185268.2
Ireland,IRL,2011,3430023.8
Ireland,IRL,2012,3537960.2
Ireland,IRL,2013,3618029.8
Ireland,IRL,2014,3888827.5
Ireland,IRL,2015,3925889
Ireland,IRL,2016,3976872.8
Ireland,IRL,2017,4060557.2
Ireland,IRL,2018,4261286
Ireland,IRL,2019,4329519.5
Ireland,IRL,2020,4636562
Ireland,IRL,2021,4778709
Ireland,IRL,2022,4954118
Ireland,IRL,2023,5145079.5
Ireland,IRL,2024,5244044
Israel,ISR,1990,5172.6
Israel,ISR,1991,10640.351
Israel,ISR,1992,15932.529
Israel,ISR,1993,20991.39
Israel,ISR,1994,31152.23
Israel,ISR,1995,51568.5
Israel,ISR,1996,123516.4
Israel,ISR,1997,256784
Israel,ISR,1998,615013
Israel,ISR,1999,820750
Israel,ISR,2000,1312752.8
Israel,ISR,2001,1119009.6
Israel,ISR,2002,1167134.1
Israel,ISR,2003,1310739.2
Israel,ISR,2004,1550442.4
Israel,ISR,2005,1745969.5
Israel,ISR,2006,1966649.2
Israel,ISR,2007,3455643
Israel,ISR,2008,4340696
Israel,ISR,2009,4724911
Israel,ISR,2010,5145930
Israel,ISR,2011,5348607.5
Israel,ISR,2012,5600634
Israel,ISR,2013,5661824
Israel,ISR,2014,6163234
Israel,ISR,2015,6482182.5
Israel,ISR,2016,6807155.5
Israel,ISR,2017,7108413.5
Israel,ISR,2018,7437848.5
Israel,ISR,2019,7857774.5
Israel,ISR,2020,8305325
Israel,ISR,2021,8462084
Israel,ISR,2022,8778640
Israel,ISR,2023,8572415
Israel,ISR,2024,8820182
Italy,ITA,1990,9925.866
Italy,ITA,1991,19922.242
Italy,ITA,1992,39814.76
Italy,ITA,1993,69334.82
Italy,ITA,1994,109139.33
Italy,ITA,1995,297864.12
Italy,ITA,1996,579974.8
Italy,ITA,1997,1297100.5
Italy,ITA,1998,2594947.5
Italy,ITA,1999,8195949.5
Italy,ITA,2000,13159819
Italy,ITA,2001,15510341
Italy,ITA,2002,16007987
Italy,ITA,2003,16668723
Italy,ITA,2004,19222088
Italy,ITA,2005,20358338
Italy,ITA,2006,22186108
Italy,ITA,2007,23966674
Italy,ITA,2008,26366738
Italy,ITA,2009,29080930
Italy,ITA,2010,32111060
Italy,ITA,2011,32648600
Italy,ITA,2012,33604772
Italy,ITA,2013,35257748
Italy,ITA,2014,33561510
Italy,ITA,2015,35018536
Italy,ITA,2016,36865212
Italy,ITA,2017,37847828
Italy,ITA,2018,44540980
Italy,ITA,2019,40526604
Italy,ITA,2020,41894540
Italy,ITA,2021,44268468
Italy,ITA,2022,50197464
Italy,ITA,2023,51332684
Italy,ITA,2024,52598028
Jamaica,JAM,1990,0
Jamaica,JAM,1994,910.881
Jamaica,JAM,1995,2725.1643
Jamaica,JAM,1996,14919.577
Jamaica,JAM,1997,20331.828
Jamaica,JAM,1998,50880.773
Jamaica,JAM,1999,61119.16
Jamaica,JAM,2000,81254.07
Jamaica,JAM,2001,101381.22
Jamaica,JAM,2002,161074.89
Jamaica,JAM,2003,207216.6
Jamaica,JAM,2004,267222.5
Jamaica,JAM,2005,343944.47
Jamaica,JAM,2006,442958.72
Jamaica,JAM,2007,572611.8
Jamaica,JAM,2008,643249.9
Jamaica,JAM,2009,665089.75
Jamaica,JAM,2010,760528.75
Jamaica,JAM,2011,1033490.7
Jamaica,JAM,2012,936804.1
Jamaica,JAM,2013,1032747.9
Jamaica,JAM,2014,1128751.1
Jamaica,JAM,2015,1183264.1
Jamaica,JAM,2016,1246670.9
Jamaica,JAM,2017,1550699.5
Jamaica,JAM,2018,1923715.6
Jamaica,JAM,2019,2000034
Jamaica,JAM,2020,2162231.8
Jamaica,JAM,2021,2337135.2
Jamaica,JAM,2022,2437215
Jamaica,JAM,2023,2540843
Jamaica,JAM,2024,2558343.8
Japan,JPN,1990,25066.035
Japan,JPN,1991,50081.453
Japan,JPN,1992,120318.97
Japan,JPN,1993,500564.25
Japan,JPN,1994,1001424.06
Japan,JPN,1995,1995004.9
Japan,JPN,1996,5495580.5
Japan,JPN,1997,11546821
Japan,JPN,1998,16937600
Japan,JPN,1999,27099034
Japan,JPN,2000,38041150
Japan,JPN,2001,48993132
Japan,JPN,2002,59381976
Japan,JPN,2003,61860550
Japan,JPN,2004,79715100
Japan,JPN,2005,85507060
Japan,JPN,2006,87816860
Japan,JPN,2007,95104744
Japan,JPN,2008,96559500
Japan,JPN,2009,99876660
Japan,JPN,2010,100163544
Japan,JPN,2011,101057250
Japan,JPN,2012,101460460
Japan,JPN,2013,112431250
Japan,JPN,2014,113411620
Japan,JPN,2015,115772090
Japan,JPN,2016,118412880
Japan,JPN,2017,116467030
Japan,JPN,2018,112540136
Japan,JPN,2019,117427290
Japan,JPN,2020,113911990
Japan,JPN,2021,104207736
Japan,JPN,2022,106260440
Japan,JPN,2023,105851480
Japan,JPN,2024,106050430
Jordan,JOR,1990,0
Jordan,JOR,1995,1102.4862
Jordan,JOR,1996,2205.7197
Jordan,JOR,1997,30227.246
Jordan,JOR,1998,67652.12
Jordan,JOR,1999,133494.03
Jordan,JOR,2000,141314.4
Jordan,JOR,2001,258762.53
Jordan,JOR,2002,338397.88
Jordan,JOR,2003,486103.47
Jordan,JOR,2004,685774.25
Jordan,JOR,2005,779800.5
Jordan,JOR,2006,891289.94
Jordan,JOR,2007,1365445.4
Jordan,JOR,2008,1607669.2
Jordan,JOR,2009,1856855.8
Jordan,JOR,2010,1984795.8
Jordan,JOR,2011,2610668
Jordan,JOR,2012,2807237
Jordan,JOR,2013,3308609
Jordan,JOR,2014,4061770.2
Jordan,JOR,2015,5175152.5
Jordan,JOR,2016,5618575
Jordan,JOR,2017,6601075.5
Jordan,JOR,2018,6821423
Jordan,JOR,2019,7479363
Jordan,JOR,2020,8520273
Jordan,JOR,2021,9517066
Jordan,JOR,2022,10186918
Jordan,JOR,2023,10585212
Jordan,JOR,2024,11047143
Kazakhstan,KAZ,1990,0
Kazakhstan,KAZ,1994,88.79804
Kazakhstan,KAZ,1995,1890.5507
Kazakhstan,KAZ,1996,5220.297
Kazakhstan,KAZ,1997,10363.939
Kazakhstan,KAZ,1998,20498.598
Kazakhstan,KAZ,1999,71715.26
Kazakhstan,KAZ,2000,103639.51
Kazakhstan,KAZ,2001,156709.39
Kazakhstan,KAZ,2002,262213.47
Kazakhstan,KAZ,2003,315012.9
Kazakhstan,KAZ,2004,420091.78
Kazakhstan,KAZ,2005,472927.72
Kazakhstan,KAZ,2006,526333.8
Kazakhstan,KAZ,2007,653540
Kazakhstan,KAZ,2008,1806917.8
Kazakhstan,KAZ,2009,3024812.2
Kazakhstan,KAZ,2010,5320432
Kazakhstan,KAZ,2011,8635397
Kazakhstan,KAZ,2012,10713627
Kazakhstan,KAZ,2013,11114008
Kazakhstan,KAZ,2014,11758749
Kazakhstan,KAZ,2015,12809005
Kazakhstan,KAZ,2016,13696991
Kazakhstan,KAZ,2017,14255065
Kazakhstan,KAZ,2018,14938663
Kazakhstan,KAZ,2019,15728326
Kazakhstan,KAZ,2020,16743437
Kazakhstan,KAZ,2021,17951664
Kazakhstan,KAZ,2022,18491314
Kazakhstan,KAZ,2023,18882288
Kazakhstan,KAZ,2024,19231746
Kenya,KEN,1990,0
Kenya,KEN,1995,193.39473
Kenya,KEN,1996,2417.2283
Kenya,KEN,1997,9667.008
Kenya,KEN,1998,14530.692
Kenya,KEN,1999,33896.082
Kenya,KEN,2000,97462.69
Kenya,KEN,2001,195970.02
Kenya,KEN,2002,394094.3
Kenya,KEN,2003,990015.75
Kenya,KEN,2004,1049571.1
Kenya,KEN,2005,1110371.1
Kenya,KEN,2006,1328544.2
Kenya,KEN,2007,1673599.4
Kenya,KEN,2008,2038730.1
Kenya,KEN,2009,2464942.5
Kenya,KEN,2010,2995096.8
Kenya,KEN,2011,3762744.5
Kenya,KEN,2012,4608271.5
Kenya,KEN,2013,5848282.5
Kenya,KEN,2014,7598488
Kenya,KEN,2015,7810976.5
Kenya,KEN,2016,7991188.5
Kenya,KEN,2017,8770535
Kenya,KEN,2018,9790386
Kenya,KEN,2019,11607053
Kenya,KEN,2020,12909587
Kenya,KEN,2021,14349431
Kenya,KEN,2022,15953423
Kenya,KEN,2023,17747440
Kenya,KEN,2024,19738114
Kiribati,KIR,1990,0
Kiribati,KIR,1998,528.50366
Kiribati,KIR,1999,1054.2246
Kiribati,KIR,2000,1581.9418
Kiribati,KIR,2001,2111.5435
Kiribati,KIR,2002,2306.6
Kiribati,KIR,2003,2825.25
Kiribati,KIR,2004,3362.975
Kiribati,KIR,2005,3921.4
Kiribati,KIR,2006,4500.765
Kiribati,KIR,2007,6124.08
Kiribati,KIR,2008,7295.54
Kiribati,KIR,2009,9550.091
Kiribati,KIR,2010,9859.453
Kiribati,KIR,2011,11064.7
Kiribati,KIR,2012,12066.9375
Kiribati,KIR,2013,13091.37
Kiribati,KIR,2014,14127.436
Kiribati,KIR,2015,17405.434
Kiribati,KIR,2016,23007.715
Kiribati,KIR,2017,30441.123
Kiribati,KIR,2018,40271.117
Kiribati,KIR,2019,51790.305
Kiribati,KIR,2020,66770.555
Kiribati,KIR,2021,86125.055
Kiribati,KIR,2022,110896.69
Kiribati,KIR,2023,116626.4
Kiribati,KIR,2024,120313.3
Kosovo,OWID_KOS,2017,1502550.4
Kosovo,OWID_KOS,2018,1607368.2
Kuwait,KWT,1990,0
Kuwait,KWT,1993,1523.3296
Kuwait,KWT,1994,2446.6106
Kuwait,KWT,1995,3413.4712
Kuwait,KWT,1996,14810.905
Kuwait,KWT,1997,38792.723
Kuwait,KWT,1998,56251.21
Kuwait,KWT,1999,90441.43
Kuwait,KWT,2000,131579.19
Kuwait,KWT,2001,171730.33
Kuwait,KWT,2002,211126.08
Kuwait,KWT,2003,472675.34
Kuwait,KWT,2004,494611.2
Kuwait,KWT,2005,579911.94
Kuwait,KWT,2006,680835.06
Kuwait,KWT,2007,872744.6
Kuwait,KWT,2008,1113596.8
Kuwait,KWT,2009,1420105.9
Kuwait,KWT,2010,1807230.5
Kuwait,KWT,2011,2060422.9
Kuwait,KWT,2012,2350993.2
Kuwait,KWT,2013,2647019
Kuwait,KWT,2014,2885044.2
Kuwait,KWT,2015,3144350.8
Kuwait,KWT,2016,3427506.2
Kuwait,KWT,2017,4071715.2
Kuwait,KWT,2018,4306171
Kuwait,KWT,2019,4422000.5
Kuwait,KWT,2020,4360923
Kuwait,KWT,2021,4347782.5
Kuwait,KWT,2022,4578045
Kuwait,KWT,2023,4841156
Kuwait,KWT,2024,4884887.5
Kuwait,KWT,2025,4865298
Kyrgyzstan,KGZ,1990,0
Kyrgyzstan,KGZ,1998,3471.843
Kyrgyzstan,KGZ,1999,9922.865
Kyrgyzstan,KGZ,2000,51011.598
Kyrgyzstan,KGZ,2001,148497.64
Kyrgyzstan,KGZ,2002,149684.44
Kyrgyzstan,KGZ,2003,197131.12
Kyrgyzstan,KGZ,2004,259849.56
Kyrgyzstan,KGZ,2005,543822.2
Kyrgyzstan,KGZ,2006,642219.94
Kyrgyzstan,KGZ,2007,739154.4
Kyrgyzstan,KGZ,2008,835040.5
Kyrgyzstan,KGZ,2009,862342.9
Kyrgyzstan,KGZ,2010,891130.56
Kyrgyzstan,KGZ,2011,970652.7
Kyrgyzstan,KGZ,2012,1119111
Kyrgyzstan,KGZ,2013,1328744.5
Kyrgyzstan,KGZ,2014,1671355
Kyrgyzstan,KGZ,2015,1826929.6
Kyrgyzstan,KGZ,2016,2502629.8
Kyrgyzstan,KGZ,2017,3204135.8
Kyrgyzstan,KGZ,2018,4046881.8
Kyrgyzstan,KGZ,2019,4224325
Kyrgyzstan,KGZ,2020,4843149.5
Kyrgyzstan,KGZ,2021,5283506.5
Kyrgyzstan,KGZ,2022,5872696
Kyrgyzstan,KGZ,2023,6463925
Kyrgyzstan,KGZ,2024,6646184
Laos,LAO,1990,0
Laos,LAO,1998,506.9825
Laos,LAO,1999,2018.8163
Laos,LAO,2000,6031.037
Laos,LAO,2001,10030.571
Laos,LAO,2002,15031.529
Laos,LAO,2003,19026.148
Laos,LAO,2004,20896.791
Laos,LAO,2005,49914.42
Laos,LAO,2006,69763.48
Laos,LAO,2007,99322.27
Laos,LAO,2008,218288.4
Laos,LAO,2009,374498.5
Laos,LAO,2010,443393.6
Laos,LAO,2011,578393.1
Laos,LAO,2012,700640.2
Laos,LAO,2013,826423.1
Laos,LAO,2014,955872.3
Laos,LAO,2015,1237899.5
Laos,LAO,2016,1510955
Laos,LAO,2017,1790357.4
Laos,LAO,2018,2585434.8
Laos,LAO,2019,3404026.8
Laos,LAO,2020,3967128
Laos,LAO,2021,4620980.5
Laos,LAO,2022,4878583
Laos,LAO,2023,4936102.5
Laos,LAO,2024,5096433.5
Latin America and Caribbean (WB),WB_LAC,2005,92150056
Latin America and Caribbean (WB),WB_LAC,2006,116282664
Latin America and Caribbean (WB),WB_LAC,2007,134697820
Latin America and Caribbean (WB),WB_LAC,2008,151775900
Latin America and Caribbean (WB),WB_LAC,2009,180230320
Latin America and Caribbean (WB),WB_LAC,2010,203362350
Latin America and Caribbean (WB),WB_LAC,2011,233476130
Latin America and Caribbean (WB),WB_LAC,2012,258180740
Latin America and Caribbean (WB),WB_LAC,2013,279681000
Latin America and Caribbean (WB),WB_LAC,2014,298457660
Latin America and Caribbean (WB),WB_LAC,2015,336664450
Latin America and Caribbean (WB),WB_LAC,2016,359224220
Latin America and Caribbean (WB),WB_LAC,2017,379509820
Latin America and Caribbean (WB),WB_LAC,2018,403719070
Latin America and Caribbean (WB),WB_LAC,2019,434572500
Latin America and Caribbean (WB),WB_LAC,2020,476377700
Latin America and Caribbean (WB),WB_LAC,2021,492120960
Latin America and Caribbean (WB),WB_LAC,2022,503546340
Latin America and Caribbean (WB),WB_LAC,2023,526093220
Latin America and Caribbean (WB),WB_LAC,2024,541005630
Latin America and Caribbean (WB),WB_LAC,2025,557937900
Latvia,LVA,1990,0
Latvia,LVA,1996,19977.215
Latvia,LVA,1997,49873.44
Latvia,LVA,1998,80012.63
Latvia,LVA,1999,104942.16
Latvia,LVA,2000,149606.97
Latvia,LVA,2001,168728.39
Latvia,LVA,2002,506851.97
Latvia,LVA,2003,617290.25
Latvia,LVA,2004,873112.5
Latvia,LVA,2005,1029847.56
Latvia,LVA,2006,1189704.9
Latvia,LVA,2007,1301932.2
Latvia,LVA,2008,1380639.9
Latvia,LVA,2009,1431491.5
Latvia,LVA,2010,1435147.1
Latvia,LVA,2011,1436646
Latvia,LVA,2012,1487492.9
Latvia,LVA,2013,1514202.8
Latvia,LVA,2014,1511807.1
Latvia,LVA,2015,1566212.9
Latvia,LVA,2016,1564535.4
Latvia,LVA,2017,1556014
Latvia,LVA,2018,1610677.6
Latvia,LVA,2019,1648479.4
Latvia,LVA,2020,1689460.5
Latvia,LVA,2021,1718271.4
Latvia,LVA,2022,1710804
Latvia,LVA,2023,1736552.9
Latvia,LVA,2024,1730038.2
Lebanon,LBN,1990,0
Lebanon,LBN,1995,2835.8862
Lebanon,LBN,1996,5648.6934
Lebanon,LBN,1997,50944.223
Lebanon,LBN,1998,113730.84
Lebanon,LBN,1999,228933.9
Lebanon,LBN,2000,344301.3
Lebanon,LBN,2001,298591.78
Lebanon,LBN,2002,312445.28
Lebanon,LBN,2003,362040.62
Lebanon,LBN,2004,413935.12
Lebanon,LBN,2005,473649.75
Lebanon,LBN,2006,712670.44
Lebanon,LBN,2007,907787.7
Lebanon,LBN,2008,1109682.4
Lebanon,LBN,2009,1504675.4
Lebanon,LBN,2010,2202034.5
Lebanon,LBN,2011,2649930.2
Lebanon,LBN,2012,3206881.8
Lebanon,LBN,2013,4049122.2
Lebanon,LBN,2014,4633303
Lebanon,LBN,2015,4789627
Lebanon,LBN,2016,4812481
Lebanon,LBN,2017,4816037.5
Lebanon,LBN,2018,4841152.5
Lebanon,LBN,2019,4721505
Lebanon,LBN,2020,4679758.5
Lebanon,LBN,2021,4726370.5
Lebanon,LBN,2022,4679736.5
Lebanon,LBN,2023,4717284.5
Lebanon,LBN,2024,4681579.5
Lesotho,LSO,1990,0
Lesotho,LSO,1996,56.213913
Lesotho,LSO,1997,110.93766
Lesotho,LSO,1998,219.78539
Lesotho,LSO,1999,1077.74
Lesotho,LSO,2000,4244.4097
Lesotho,LSO,2001,5225.229
Lesotho,LSO,2002,21621.186
Lesotho,LSO,2003,30420.96
Lesotho,LSO,2004,42882.39
Lesotho,LSO,2005,50393.266
Lesotho,LSO,2006,57957.203
Lesotho,LSO,2007,67298.51
Lesotho,LSO,2008,70402.164
Lesotho,LSO,2009,73688.85
Lesotho,LSO,2010,77055.28
Lesotho,LSO,2011,140980.62
Lesotho,LSO,2012,203435.4
Lesotho,LSO,2013,308475.62
Lesotho,LSO,2014,457619.56
Lesotho,LSO,2015,526152.75
Lesotho,LSO,2016,691404.1
Lesotho,LSO,2017,841272.9
Lesotho,LSO,2018,890910
Lesotho,LSO,2019,934616.6
Lesotho,LSO,2020,976062.56
Lesotho,LSO,2021,1018976.2
Lesotho,LSO,2022,1098923.9
Lesotho,LSO,2023,1132295.4
Lesotho,LSO,2024,1210705.8
Liberia,LBR,1990,0
Liberia,LBR,1997,108.343216
Liberia,LBR,1998,109.47508
Liberia,LBR,1999,318.8503
Liberia,LBR,2000,518.35596
Liberia,LBR,2001,1019.553
Liberia,LBR,2002,1012.4056
Liberia,LBR,2003,994.1617
Liberia,LBR,2004,978.9896
Liberia,LBR,2005,18201.797
Liberia,LBR,2006,18501.17
Liberia,LBR,2007,20231.143
Liberia,LBR,2008,20251.314
Liberia,LBR,2009,78860.555
Liberia,LBR,2010,93354.47
Liberia,LBR,2011,105529.45
Liberia,LBR,2012,113699.11
Liberia,LBR,2013,143047.66
Liberia,LBR,2014,246928.25
Liberia,LBR,2015,465943.1
Liberia,LBR,2016,746630.5
Liberia,LBR,2017,790374.7
Liberia,LBR,2018,854334.94
Liberia,LBR,2019,1003488.6
Liberia,LBR,2020,1179778
Liberia,LBR,2021,1387530.4
Liberia,LBR,2022,1632412.1
Liberia,LBR,2023,1715149.4
Liberia,LBR,2024,1809213.1
Libya,LBY,1990,0
Libya,LBY,1999,6992.1714
Libya,LBY,2000,9922.65
Libya,LBY,2001,19806.13
Libya,LBY,2002,123631.75
Libya,LBY,2003,158158.97
Libya,LBY,2004,202668.08
Libya,LBY,2005,229535.98
Libya,LBY,2006,257214.84
Libya,LBY,2007,288248.78
Libya,LBY,2008,561188.75
Libya,LBY,2009,687602.1
Libya,LBY,2010,909697.44
Libya,LBY,2011,888048.44
Libya,LBY,2012,939257.8
Libya,LBY,2013,1040263.7
Libya,LBY,2014,1141479.9
Libya,LBY,2015,1632954.8
Libya,LBY,2016,2321244
Libya,LBY,2017,3200915.8
Libya,LBY,2018,3253301
Libya,LBY,2019,4963322.5
Libya,LBY,2020,5238825
Libya,LBY,2021,5525393.5
Libya,LBY,2022,5825796.5
Libya,LBY,2023,5998289.5
Libya,LBY,2024,6049080.5
Liechtenstein,LIE,1990,0
Liechtenstein,LIE,2000,11920.3955
Liechtenstein,LIE,2001,14976.088
Liechtenstein,LIE,2002,20038.062
Liechtenstein,LIE,2003,20041.754
Liechtenstein,LIE,2004,22048.646
Liechtenstein,LIE,2005,22023.46
Liechtenstein,LIE,2006,22498.73
Liechtenstein,LIE,2007,22948.58
Liechtenstein,LIE,2008,24831.1
Liechtenstein,LIE,2009,26806.5
Liechtenstein,LIE,2010,28817.6
Liechtenstein,LIE,2011,30865.201
Liechtenstein,LIE,2012,32774.18
Liechtenstein,LIE,2013,34690.992
Liechtenstein,LIE,2014,35463.82
Liechtenstein,LIE,2015,36234.65
Liechtenstein,LIE,2016,36997.098
Liechtenstein,LIE,2017,37789.88
Liechtenstein,LIE,2019,35919.934
Liechtenstein,LIE,2020,36703.094
Liechtenstein,LIE,2021,37446
Liechtenstein,LIE,2022,38656.023
Liechtenstein,LIE,2023,39101.797
Liechtenstein,LIE,2024,39747.867
Lithuania,LTU,1990,0
Lithuania,LTU,1996,9976.469
Lithuania,LTU,1997,34964.84
Lithuania,LTU,1998,69921.82
Lithuania,LTU,1999,102907.75
Lithuania,LTU,2000,224917.55
Lithuania,LTU,2001,249182.42
Lithuania,LTU,2002,609078.56
Lithuania,LTU,2003,884881.6
Lithuania,LTU,2004,1054660.5
Lithuania,LTU,2005,1203419.8
Lithuania,LTU,2006,1435490.1
Lithuania,LTU,2007,1612415.8
Lithuania,LTU,2008,1766063.2
Lithuania,LTU,2009,1890158.5
Lithuania,LTU,2010,1924031.5
Lithuania,LTU,2011,1927091.6
Lithuania,LTU,2012,2009597.8
Lithuania,LTU,2013,2027061.8
Lithuania,LTU,2014,2118744.5
Lithuania,LTU,2015,2077893.1
Lithuania,LTU,2016,2140058
Lithuania,LTU,2017,2206321.5
Lithuania,LTU,2018,2247539
Lithuania,LTU,2019,2293339
Lithuania,LTU,2020,2334167.5
Lithuania,LTU,2021,2441340
Lithuania,LTU,2022,2484032.8
Lithuania,LTU,2023,2541435.2
Lithuania,LTU,2024,2575222.2
Low-income countries,OWID_LIC,2005,4443110.5
Low-income countries,OWID_LIC,2006,5950539.5
Low-income countries,OWID_LIC,2007,11784081
Low-income countries,OWID_LIC,2008,14551127
Low-income countries,OWID_LIC,2009,18464228
Low-income countries,OWID_LIC,2010,22072826
Low-income countries,OWID_LIC,2011,25866722
Low-income countries,OWID_LIC,2012,29286950
Low-income countries,OWID_LIC,2013,33374470
Low-income countries,OWID_LIC,2014,39337860
Low-income countries,OWID_LIC,2015,46176468
Low-income countries,OWID_LIC,2016,60000920
Low-income countries,OWID_LIC,2017,70280980
Low-income countries,OWID_LIC,2018,87481980
Low-income countries,OWID_LIC,2019,106969864
Low-income countries,OWID_LIC,2020,118076820
Low-income countries,OWID_LIC,2021,130973990
Low-income countries,OWID_LIC,2022,150048530
Low-income countries,OWID_LIC,2023,159975650
Low-income countries,OWID_LIC,2024,168109340
Low-income countries,OWID_LIC,2025,179592700
Lower-middle-income countries,OWID_LMC,2005,78251340
Lower-middle-income countries,OWID_LMC,2006,97372450
Lower-middle-income countries,OWID_LMC,2007,126157064
Lower-middle-income countries,OWID_LMC,2008,146715120
Lower-middle-income countries,OWID_LMC,2009,174938600
Lower-middle-income countries,OWID_LMC,2010,239706100
Lower-middle-income countries,OWID_LMC,2011,294530780
Lower-middle-income countries,OWID_LMC,2012,333847170
Lower-middle-income countries,OWID_LMC,2013,379269280
Lower-middle-income countries,OWID_LMC,2014,436042180
Lower-middle-income countries,OWID_LMC,2015,501909950
Lower-middle-income countries,OWID_LMC,2016,572136700
Lower-middle-income countries,OWID_LMC,2017,646777540
Lower-middle-income countries,OWID_LMC,2018,731104100
Lower-middle-income countries,OWID_LMC,2019,910020350
Lower-middle-income countries,OWID_LMC,2020,1173669600
Lower-middle-income countries,OWID_LMC,2021,1325800300
Lower-middle-income countries,OWID_LMC,2022,1481369100
Lower-middle-income countries,OWID_LMC,2023,1589811300
Lower-middle-income countries,OWID_LMC,2024,1712446600
Lower-middle-income countries,OWID_LMC,2025,1852582800
Luxembourg,LUX,1990,0
Luxembourg,LUX,1992,600.0278
Luxembourg,LUX,1993,1200.3745
Luxembourg,LUX,1994,1998.508
Luxembourg,LUX,1995,6497.1377
Luxembourg,LUX,1996,22989.488
Luxembourg,LUX,1997,29948.73
Luxembourg,LUX,1998,49689.9
Luxembourg,LUX,1999,74902.65
Luxembourg,LUX,2000,99857.41
Luxembourg,LUX,2001,159670.55
Luxembourg,LUX,2002,177756.12
Luxembourg,LUX,2003,246364.16
Luxembourg,LUX,2004,301792.97
Luxembourg,LUX,2005,325610.6
Luxembourg,LUX,2006,342709.1
Luxembourg,LUX,2007,378810.47
Luxembourg,LUX,2008,401816.9
Luxembourg,LUX,2009,434614.34
Luxembourg,LUX,2010,459400.84
Luxembourg,LUX,2011,466667.06
Luxembourg,LUX,2012,488204.44
Luxembourg,LUX,2013,509543.97
Luxembourg,LUX,2014,526668.4
Luxembourg,LUX,2015,548965.6
Luxembourg,LUX,2016,571169.3
Luxembourg,LUX,2017,580610.4
Luxembourg,LUX,2018,590084.2
Luxembourg,LUX,2019,602148.94
Luxembourg,LUX,2020,620708.2
Luxembourg,LUX,2021,631492.7
Luxembourg,LUX,2022,641621.7
Luxembourg,LUX,2023,662083.9
Luxembourg,LUX,2024,668621.2
Luxembourg,LUX,2025,680986.6
Macao,MAC,1990,0
Macao,MAC,1994,146.816
Macao,MAC,1995,1146.0399
Macao,MAC,1996,3017.7769
Macao,MAC,1997,9848.279
Macao,MAC,1998,29561
Macao,MAC,1999,39363.54
Macao,MAC,2000,58598.586
Macao,MAC,2001,97719.56
Macao,MAC,2002,110353.53
Macao,MAC,2003,114192.07
Macao,MAC,2004,143158.19
Macao,MAC,2005,165075.83
Macao,MAC,2006,231489.61
Macao,MAC,2007,246526.34
Macao,MAC,2008,266240.7
Macao,MAC,2009,288900
Macao,MAC,2010,296413.28
Macao,MAC,2011,330879.5
Macao,MAC,2012,348179.5
Macao,MAC,2013,389470.22
Macao,MAC,2014,433828.2
Macao,MAC,2015,498891.22
Macao,MAC,2016,532720.5
Macao,MAC,2017,539300.75
Macao,MAC,2018,552119.25
Macao,MAC,2019,581064.5
Macao,MAC,2020,599466.6
Macao,MAC,2021,603794.75
Macao,MAC,2022,606085.25
Macao,MAC,2023,609741.6
Macao,MAC,2024,617107.4
Madagascar,MDG,1990,0
Madagascar,MDG,1996,536.8963
Madagascar,MDG,1997,2143.6863
Madagascar,MDG,1998,9696.342
Madagascar,MDG,1999,27040.854
Madagascar,MDG,2000,32437.213
Madagascar,MDG,2001,37900.26
Madagascar,MDG,2002,59620.594
Madagascar,MDG,2003,76489.56
Madagascar,MDG,2004,97750.5
Madagascar,MDG,2005,108769.66
Madagascar,MDG,2006,119885
Madagascar,MDG,2007,132070.78
Madagascar,MDG,2008,345243.34
Madagascar,MDG,2009,351220.66
Madagascar,MDG,2010,377116.8
Madagascar,MDG,2011,433623.7
Madagascar,MDG,2012,539636.06
Madagascar,MDG,2013,723278.7
Madagascar,MDG,2014,916280.9
Madagascar,MDG,2015,1061310.5
Madagascar,MDG,2016,1230273.4
Madagascar,MDG,2017,1716063.4
Madagascar,MDG,2018,2130251.8
Madagascar,MDG,2019,2646825
Madagascar,MDG,2020,3287589.2
Madagascar,MDG,2021,4081306.5
Madagascar,MDG,2022,5421394
Madagascar,MDG,2023,5690387.5
Madagascar,MDG,2024,5970383
Malawi,MWI,1990,0
Malawi,MWI,1997,493.24707
Malawi,MWI,1998,1953.5106
Malawi,MWI,1999,9644.733
Malawi,MWI,2000,14346.458
Malawi,MWI,2001,19015.02
Malawi,MWI,2002,25554.2
Malawi,MWI,2003,33964.07
Malawi,MWI,2004,43440.727
Malawi,MWI,2005,49369.918
Malawi,MWI,2006,56107.68
Malawi,MWI,2007,131129.1
Malawi,MWI,2008,97834.914
Malawi,MWI,2009,154034.94
Malawi,MWI,2010,335078.06
Malawi,MWI,2011,508325.2
Malawi,MWI,2012,683460.8
Malawi,MWI,2013,816171.75
Malawi,MWI,2014,969035.7
Malawi,MWI,2015,1025135.2
Malawi,MWI,2016,1106137.6
Malawi,MWI,2017,1262780
Malawi,MWI,2018,1630156.1
Malawi,MWI,2019,2103981.8
Malawi,MWI,2020,2715112.5
Malawi,MWI,2021,3067832
Malawi,MWI,2022,3465481
Malawi,MWI,2023,3796296
Malawi,MWI,2024,4106188.5
Malaysia,MYS,1990,0
Malaysia,MYS,1992,197.763
Malaysia,MYS,1993,4927.2793
Malaysia,MYS,1994,19741.164
Malaysia,MYS,1995,29682.674
Malaysia,MYS,1996,177642.73
Malaysia,MYS,1997,493767.53
Malaysia,MYS,1998,1478703.1
Malaysia,MYS,1999,2759570.5
Malaysia,MYS,2000,4911605.5
Malaysia,MYS,2001,6280638
Malaysia,MYS,2002,7794307.5
Malaysia,MYS,2003,8630742
Malaysia,MYS,2004,10671559
Malaysia,MYS,2005,12563867
Malaysia,MYS,2006,13641677
Malaysia,MYS,2007,15038102
Malaysia,MYS,2008,15384092
Malaysia,MYS,2009,15721751
Malaysia,MYS,2010,16133201
Malaysia,MYS,2011,17788844
Malaysia,MYS,2012,19518144
Malaysia,MYS,2013,17216684
Malaysia,MYS,2014,19542826
Malaysia,MYS,2015,22195296
Malaysia,MYS,2016,25046554
Malaysia,MYS,2017,25929968
Malaysia,MYS,2018,26724052
Malaysia,MYS,2019,28152682
Malaysia,MYS,2020,30349798
Malaysia,MYS,2021,33168710
Malaysia,MYS,2022,33792940
Malaysia,MYS,2023,34315840
Malaysia,MYS,2024,34853850
Maldives,MDV,1990,0
Maldives,MDV,1991,0
Maldives,MDV,1992,0
Maldives,MDV,1993,0
Maldives,MDV,1994,0
Maldives,MDV,1995,0
Maldives,MDV,1996,595.5277
Maldives,MDV,1997,827.2146
Maldives,MDV,1998,1554.5211
Maldives,MDV,1999,3107.0144
Maldives,MDV,2000,6215.3403
Maldives,MDV,2001,10373.196
Maldives,MDV,2002,15594.9375
Maldives,MDV,2003,17720.06
Maldives,MDV,2004,19857.857
Maldives,MDV,2005,21050.463
Maldives,MDV,2006,34637.703
Maldives,MDV,2007,52890.074
Maldives,MDV,2008,77991.445
Maldives,MDV,2009,86372.195
Maldives,MDV,2010,95718.12
Maldives,MDV,2011,127049.164
Maldives,MDV,2012,150588.64
Maldives,MDV,2013,176430.86
Maldives,MDV,2014,203830.45
Maldives,MDV,2015,233181.25
Maldives,MDV,2016,263668.53
Maldives,MDV,2017,297680.34
Maldives,MDV,2018,335601.75
Maldives,MDV,2019,377843.78
Maldives,MDV,2020,397164.3
Maldives,MDV,2021,423027.44
Maldives,MDV,2022,439787.25
Maldives,MDV,2023,444743.2
Maldives,MDV,2024,449895.88
Mali,MLI,1990,0
Mali,MLI,1996,214.38994
Mali,MLI,1997,1075.296
Mali,MLI,1998,2162.0754
Mali,MLI,1999,6837.4956
Mali,MLI,2000,16477.28
Mali,MLI,2001,22144.393
Mali,MLI,2002,27899.473
Mali,MLI,2003,39369.594
Mali,MLI,2004,56709.8
Mali,MLI,2005,68654.48
Mali,MLI,2006,102072.055
Mali,MLI,2007,117107.984
Mali,MLI,2008,234570.3
Mali,MLI,2009,277839.7
Mali,MLI,2010,318903.94
Mali,MLI,2011,362319.06
Mali,MLI,2012,474796.9
Mali,MLI,2013,611086.5
Mali,MLI,2014,1261418.8
Mali,MLI,2015,1920659.1
Mali,MLI,2016,2686780.5
Mali,MLI,2017,3744659
Mali,MLI,2018,4374594.5
Mali,MLI,2019,5258737
Mali,MLI,2020,6321549
Mali,MLI,2021,7602395.5
Mali,MLI,2022,8121385
Mali,MLI,2023,8566108
Mali,MLI,2024,9008490
Malta,MLT,1990,0
Malta,MLT,1995,849.1927
Malta,MLT,1996,3989.0024
Malta,MLT,1997,15005.407
Malta,MLT,1998,25043.654
Malta,MLT,1999,30076.053
Malta,MLT,2000,51154.875
Malta,MLT,2001,70264.945
Malta,MLT,2002,114514.234
Malta,MLT,2003,126111.34
Malta,MLT,2004,138918.98
Malta,MLT,2005,166541.14
Malta,MLT,2006,163784.97
Malta,MLT,2007,190753.56
Malta,MLT,2008,205017.02
Malta,MLT,2009,242783.95
Malta,MLT,2010,261140.03
Malta,MLT,2011,283144.75
Malta,MLT,2012,286458.56
Malta,MLT,2013,292752.75
Malta,MLT,2014,316935.78
Malta,MLT,2015,337429.62
Malta,MLT,2016,354855.44
Malta,MLT,2017,378411.5
Malta,MLT,2018,395145.72
Malta,MLT,2019,432248.62
Malta,MLT,2020,447748.25
Malta,MLT,2021,453224.66
Malta,MLT,2022,486184.12
Malta,MLT,2023,508928.94
Malta,MLT,2024,533921.5
Marshall Islands,MHL,1990,0
Marshall Islands,MHL,1991,0
Marshall Islands,MHL,1992,0
Marshall Islands,MHL,1993,0
Marshall Islands,MHL,1994,0
Marshall Islands,MHL,1995,0
Marshall Islands,MHL,1996,18.095524
Marshall Islands,MHL,1999,484.95132
Marshall Islands,MHL,2000,777.96783
Marshall Islands,MHL,2001,872.47235
Marshall Islands,MHL,2002,1201.0024
Marshall Islands,MHL,2003,1326.9934
Marshall Islands,MHL,2004,1864.3604
Marshall Islands,MHL,2005,2013.2792
Marshall Islands,MHL,2006,1973.4033
Marshall Islands,MHL,2007,2055.3826
Marshall Islands,MHL,2008,2393.38
Marshall Islands,MHL,2009,2913.064
Marshall Islands,MHL,2010,3643.08
Marshall Islands,MHL,2011,5190.7
Marshall Islands,MHL,2012,6427.375
Marshall Islands,MHL,2013,7095.34
Marshall Islands,MHL,2014,8365.728
Marshall Islands,MHL,2015,9409.812
Marshall Islands,MHL,2016,14211.461
Marshall Islands,MHL,2017,18007.28
Marshall Islands,MHL,2018,19872.191
Marshall Islands,MHL,2019,21896.783
Marshall Islands,MHL,2020,24094.342
Marshall Islands,MHL,2021,26463.545
Marshall Islands,MHL,2022,25756.363
Marshall Islands,MHL,2023,24878.75
Marshall Islands,MHL,2024,24750.064
Mauritania,MRT,1990,0
Mauritania,MRT,1997,100.55146
Mauritania,MRT,1998,1004.7083
Mauritania,MRT,1999,2999.2036
Mauritania,MRT,2000,5018.629
Mauritania,MRT,2001,7003.5796
Mauritania,MRT,2002,9947.601
Mauritania,MRT,2003,11880.8125
Mauritania,MRT,2004,13811.77
Mauritania,MRT,2005,19691.695
Mauritania,MRT,2006,29524.828
Mauritania,MRT,2007,44342.09
Mauritania,MRT,2008,59527.13
Mauritania,MRT,2009,74885.414
Mauritania,MRT,2010,135638.6
Mauritania,MRT,2011,157626.5
Mauritania,MRT,2012,180951.7
Mauritania,MRT,2013,231527.72
Mauritania,MRT,2014,454124.66
Mauritania,MRT,2015,698008.75
Mauritania,MRT,2016,785978.5
Mauritania,MRT,2017,884950.2
Mauritania,MRT,2018,996236.06
Mauritania,MRT,2019,1121296.4
Mauritania,MRT,2020,1375738.1
Mauritania,MRT,2021,1687348.1
Mauritania,MRT,2022,2070414.9
Mauritania,MRT,2023,2257903.8
Mauritania,MRT,2024,2366518
Mauritius,MUS,1990,0
Mauritius,MUS,1996,2086.5527
Mauritius,MUS,1997,5465.8315
Mauritius,MUS,1998,29822.818
Mauritius,MUS,1999,54649.918
Mauritius,MUS,2000,86422.58
Mauritius,MUS,2001,105044.81
Mauritius,MUS,2002,123505.27
Mauritius,MUS,2003,147874.69
Mauritius,MUS,2004,167144.19
Mauritius,MUS,2005,186353.16
Mauritius,MUS,2006,206077.34
Mauritius,MUS,2007,250653.19
Mauritius,MUS,2008,271342.78
Mauritius,MUS,2009,280796.25
Mauritius,MUS,2010,354238.34
Mauritius,MUS,2011,437715.2
Mauritius,MUS,2012,444833.38
Mauritius,MUS,2013,505041.56
Mauritius,MUS,2014,565062.5
Mauritius,MUS,2015,633198.94
Mauritius,MUS,2016,659566
Mauritius,MUS,2017,700788.4
Mauritius,MUS,2018,741579.6
Mauritius,MUS,2019,781492
Mauritius,MUS,2020,857508.1
Mauritius,MUS,2021,906695.1
Mauritius,MUS,2022,953204.9
Mauritius,MUS,2023,992674.4
Mauritius,MUS,2024,913254.9
Mexico,MEX,1990,0
Mexico,MEX,1991,4964.5176
Mexico,MEX,1992,14885.753
Mexico,MEX,1993,24806.027
Mexico,MEX,1994,38649.234
Mexico,MEX,1995,93588.336
Mexico,MEX,1996,184905.4
Mexico,MEX,1997,589512.94
Mexico,MEX,1998,1213805.6
Mexico,MEX,1999,1806352.1
Mexico,MEX,2000,5011543.5
Mexico,MEX,2001,7044998
Mexico,MEX,2002,12084286
Mexico,MEX,2003,13284228
Mexico,MEX,2004,14719573
Mexico,MEX,2005,18210160
Mexico,MEX,2006,20935916
Mexico,MEX,2007,22635944
Mexico,MEX,2008,23962258
Mexico,MEX,2009,29500726
Mexico,MEX,2010,35280220
Mexico,MEX,2011,42843268
Mexico,MEX,2012,46435240
Mexico,MEX,2013,51432116
Mexico,MEX,2014,53167076
Mexico,MEX,2015,69533090
Mexico,MEX,2016,72789000
Mexico,MEX,2017,65441260
Mexico,MEX,2018,70582930
Mexico,MEX,2019,87571420
Mexico,MEX,2020,90648860
Mexico,MEX,2021,96535830
Mexico,MEX,2022,101131304
Mexico,MEX,2023,105326870
Mexico,MEX,2024,108774730
Micronesia (country),FSM,1990,0
Micronesia (country),FSM,1996,307.7738
Micronesia (country),FSM,1997,634.2154
Micronesia (country),FSM,1998,2071.6123
Micronesia (country),FSM,1999,3127.0398
Micronesia (country),FSM,2000,4184.689
Micronesia (country),FSM,2001,5236.802
Micronesia (country),FSM,2002,6263.466
Micronesia (country),FSM,2003,10366.715
Micronesia (country),FSM,2004,12331.748
Micronesia (country),FSM,2005,13237.306
Micronesia (country),FSM,2006,14118.28
Micronesia (country),FSM,2007,14966.865
Micronesia (country),FSM,2008,15784.826
Micronesia (country),FSM,2009,16571.4
Micronesia (country),FSM,2010,21508
Micronesia (country),FSM,2011,24555.143
Micronesia (country),FSM,2012,28023.78
Micronesia (country),FSM,2013,30057.637
Micronesia (country),FSM,2014,32139.414
Micronesia (country),FSM,2015,34246.734
Micronesia (country),FSM,2016,36378.91
Micronesia (country),FSM,2017,38651.28
Micronesia (country),FSM,2018,40242.742
Micronesia (country),FSM,2019,41878.156
Micronesia (country),FSM,2020,43682.383
Micronesia (country),FSM,2022,43755.74
Micronesia (country),FSM,2023,44374.98
Micronesia (country),FSM,2024,44724.906
"Middle East, North Africa, Afghanistan and Pakistan (WB)",WB_MENAP,2005,46165450
"Middle East, North Africa, Afghanistan and Pakistan (WB)",WB_MENAP,2006,54710256
"Middle East, North Africa, Afghanistan and Pakistan (WB)",WB_MENAP,2007,68298024
"Middle East, North Africa, Afghanistan and Pakistan (WB)",WB_MENAP,2008,84289670
"Middle East, North Africa, Afghanistan and Pakistan (WB)",WB_MENAP,2009,98552690
"Middle East, North Africa, Afghanistan and Pakistan (WB)",WB_MENAP,2010,114343650
"Middle East, North Africa, Afghanistan and Pakistan (WB)",WB_MENAP,2011,128449830
"Middle East, North Africa, Afghanistan and Pakistan (WB)",WB_MENAP,2012,146333250
"Middle East, North Africa, Afghanistan and Pakistan (WB)",WB_MENAP,2013,168200930
"Middle East, North Africa, Afghanistan and Pakistan (WB)",WB_MENAP,2014,195365660
"Middle East, North Africa, Afghanistan and Pakistan (WB)",WB_MENAP,2015,220766080
"Middle East, North Africa, Afghanistan and Pakistan (WB)",WB_MENAP,2016,247458220
"Middle East, North Africa, Afghanistan and Pakistan (WB)",WB_MENAP,2017,285398430
"Middle East, North Africa, Afghanistan and Pakistan (WB)",WB_MENAP,2018,308943260
"Middle East, North Africa, Afghanistan and Pakistan (WB)",WB_MENAP,2019,341648670
"Middle East, North Africa, Afghanistan and Pakistan (WB)",WB_MENAP,2020,382741060
"Middle East, North Africa, Afghanistan and Pakistan (WB)",WB_MENAP,2021,416027520
"Middle East, North Africa, Afghanistan and Pakistan (WB)",WB_MENAP,2022,452197950
"Middle East, North Africa, Afghanistan and Pakistan (WB)",WB_MENAP,2023,474691870
"Middle East, North Africa, Afghanistan and Pakistan (WB)",WB_MENAP,2024,500101980
"Middle East, North Africa, Afghanistan and Pakistan (WB)",WB_MENAP,2025,527452060
Moldova,MDA,1990,0
Moldova,MDA,1994,24.475647
Moldova,MDA,1995,102.180725
Moldova,MDA,1996,136.7544
Moldova,MDA,1997,825.1321
Moldova,MDA,1998,7660.943
Moldova,MDA,1999,17613.04
Moldova,MDA,2000,37519
Moldova,MDA,2001,43416.39
Moldova,MDA,2002,110261.23
Moldova,MDA,2003,215055.69
Moldova,MDA,2004,307829.6
Moldova,MDA,2005,422666.3
Moldova,MDA,2006,565264.4
Moldova,MDA,2007,587794.2
Moldova,MDA,2008,671020
Moldova,MDA,2009,787933.56
Moldova,MDA,2010,849546.7
Moldova,MDA,2011,917426.1
Moldova,MDA,2012,991102.3
Moldova,MDA,2013,1070618.5
Moldova,MDA,2014,1914736.1
Moldova,MDA,2015,1956825
Moldova,MDA,2016,1990262
Moldova,MDA,2017,1977319.1
Moldova,MDA,2018,1963870
Moldova,MDA,2019,1953571.6
Moldova,MDA,2020,1953113.6
Moldova,MDA,2021,1944754.1
Moldova,MDA,2022,1894442.2
Moldova,MDA,2023,1880285.1
Moldova,MDA,2024,1858635.2
Monaco,MCO,1990,0
Monaco,MCO,2000,13691.098
Monaco,MCO,2001,15135.273
Monaco,MCO,2002,15577.836
Monaco,MCO,2003,16022.271
Monaco,MCO,2004,16958.008
Monaco,MCO,2005,17865.213
Monaco,MCO,2006,19707.363
Monaco,MCO,2007,20495.93
Monaco,MCO,2008,21409.71
Monaco,MCO,2009,22687.164
Monaco,MCO,2010,24872.25
Monaco,MCO,2011,27258.639
Monaco,MCO,2012,30198.57
Monaco,MCO,2013,32150.428
Monaco,MCO,2014,33382.273
Monaco,MCO,2015,34317.547
Monaco,MCO,2016,35489.81
Monaco,MCO,2017,36567.63
Monaco,MCO,2019,37346.82
Monaco,MCO,2020,37506.188
Monaco,MCO,2021,38171.63
Monaco,MCO,2022,38445.1
Monaco,MCO,2023,38515.992
Monaco,MCO,2024,38262.035
Mongolia,MNG,1990,0
Mongolia,MNG,1995,196.01764
Mongolia,MNG,1996,411.2303
Mongolia,MNG,1997,2589.6775
Mongolia,MNG,1998,3392.761
Mongolia,MNG,1999,11972.61
Mongolia,MNG,2000,29988.723
Mongolia,MNG,2001,39971.188
Mongolia,MNG,2002,49949.688
Mongolia,MNG,2005,228276.64
Mongolia,MNG,2006,231045.12
Mongolia,MNG,2007,234166.52
Mongolia,MNG,2008,259033.7
Mongolia,MNG,2009,269111.5
Mongolia,MNG,2010,279339.44
Mongolia,MNG,2011,348289.38
Mongolia,MNG,2012,465711.6
Mongolia,MNG,2013,513124.47
Mongolia,MNG,2014,590917.25
Mongolia,MNG,2015,681044.5
Mongolia,MNG,2016,687757.56
Mongolia,MNG,2017,746743.6
Mongolia,MNG,2018,1512019.5
Mongolia,MNG,2019,1669127.1
Mongolia,MNG,2020,2079503.2
Mongolia,MNG,2021,2761363.2
Mongolia,MNG,2022,2783986.8
Mongolia,MNG,2023,2915222.2
Mongolia,MNG,2024,3000422.8
Montenegro,MNE,2004,155485.42
Montenegro,MNE,2005,166464.73
Montenegro,MNE,2006,177742.23
Montenegro,MNE,2007,189689.5
Montenegro,MNE,2008,202982.81
Montenegro,MNE,2009,217021.19
Montenegro,MNE,2010,232285.5
Montenegro,MNE,2011,220914.42
Montenegro,MNE,2012,353206.4
Montenegro,MNE,2013,375482.22
Montenegro,MNE,2014,398490.6
Montenegro,MNE,2015,425510.94
Montenegro,MNE,2016,437006.97
Montenegro,MNE,2017,446151.97
Montenegro,MNE,2018,448010.28
Montenegro,MNE,2019,460517.25
Montenegro,MNE,2020,486288.94
Montenegro,MNE,2021,513916.7
Montenegro,MNE,2022,550144
Montenegro,MNE,2023,552144.9
Montenegro,MNE,2024,554205.1
Morocco,MAR,1990,0
Morocco,MAR,1995,979.4189
Morocco,MAR,1996,1522.7004
Morocco,MAR,1997,5878.0806
Morocco,MAR,1998,39222.742
Morocco,MAR,1999,49327.836
Morocco,MAR,2000,197199.31
Morocco,MAR,2001,395175
Morocco,MAR,2002,692945.8
Morocco,MAR,2003,991637.94
Morocco,MAR,2004,3476927
Morocco,MAR,2005,4579357.5
Morocco,MAR,2006,6083828
Morocco,MAR,2007,6705090.5
Morocco,MAR,2008,10461839
Morocco,MAR,2009,13228711
Morocco,MAR,2010,16882848
Morocco,MAR,2011,15175166
Morocco,MAR,2012,18484158
Morocco,MAR,2013,18921040
Morocco,MAR,2014,19419640
Morocco,MAR,2015,19754012
Morocco,MAR,2016,20408602
Morocco,MAR,2017,21892476
Morocco,MAR,2018,23225548
Morocco,MAR,2019,30460738
Morocco,MAR,2020,30774768
Morocco,MAR,2021,32568068
Morocco,MAR,2022,33558828
Morocco,MAR,2023,34318380
Morocco,MAR,2024,34730028
Mozambique,MOZ,1990,0
Mozambique,MOZ,1996,501.3714
Mozambique,MOZ,1997,2000.0979
Mozambique,MOZ,1998,3502.7737
Mozambique,MOZ,1999,9984.526
Mozambique,MOZ,2000,19868.744
Mozambique,MOZ,2001,29666.287
Mozambique,MOZ,2002,49218.24
Mozambique,MOZ,2003,81358.96
Mozambique,MOZ,2004,134804.58
Mozambique,MOZ,2005,173482.23
Mozambique,MOZ,2006,175225.69
Mozambique,MOZ,2007,193717.48
Mozambique,MOZ,2008,340376.94
Mozambique,MOZ,2009,600098.8
Mozambique,MOZ,2010,959068.1
Mozambique,MOZ,2011,1087855.8
Mozambique,MOZ,2012,1216892.4
Mozambique,MOZ,2013,1377838.6
Mozambique,MOZ,2014,1547308.5
Mozambique,MOZ,2015,1725592.1
Mozambique,MOZ,2016,1913597.4
Mozambique,MOZ,2017,2195944
Mozambique,MOZ,2018,3163032
Mozambique,MOZ,2019,3729361.2
Mozambique,MOZ,2020,4398188.5
Mozambique,MOZ,2021,5186635
Mozambique,MOZ,2022,6192342.5
Mozambique,MOZ,2023,6708734.5
Mozambique,MOZ,2024,7108966.5
Myanmar,MMR,1990,0
Myanmar,MMR,1999,68.07734
Myanmar,MMR,2001,132.40555
Myanmar,MMR,2002,197.17926
Myanmar,MMR,2003,11230.063
Myanmar,MMR,2004,11455.312
Myanmar,MMR,2005,30929.814
Myanmar,MMR,2006,86992.05
Myanmar,MMR,2007,104493.164
Myanmar,MMR,2008,106459.74
Myanmar,MMR,2009,107053.01
Myanmar,MMR,2010,122560.95
Myanmar,MMR,2011,484314.25
Myanmar,MMR,2012,697724.25
Myanmar,MMR,2013,904727.8
Myanmar,MMR,2014,3750441
Myanmar,MMR,2015,5568707
Myanmar,MMR,2016,8239311
Myanmar,MMR,2017,12258146
Myanmar,MMR,2018,15357063
Myanmar,MMR,2019,19235180
Myanmar,MMR,2020,24094790
Namibia,NAM,1990,0
Namibia,NAM,1995,98.85388
Namibia,NAM,1996,148.64311
Namibia,NAM,1997,993.28723
Namibia,NAM,1998,4972.978
Namibia,NAM,1999,5968.596
Namibia,NAM,2000,29912.006
Namibia,NAM,2001,44884.47
Namibia,NAM,2002,49776.133
Namibia,NAM,2003,64423.723
Namibia,NAM,2004,73890.695
Namibia,NAM,2005,78859.94
Namibia,NAM,2006,87620.57
Namibia,NAM,2007,97611.64
Namibia,NAM,2008,109087.695
Namibia,NAM,2009,135030.61
Namibia,NAM,2010,244738.08
Namibia,NAM,2011,257559
Namibia,NAM,2012,284018.94
Namibia,NAM,2013,313098.6
Namibia,NAM,2014,343121.44
Namibia,NAM,2015,609907.8
Namibia,NAM,2016,756968.3
Namibia,NAM,2017,923459.44
Namibia,NAM,2018,1103629.5
Namibia,NAM,2019,1319307.2
Namibia,NAM,2020,1578883.6
Namibia,NAM,2021,1693636.1
Namibia,NAM,2022,1820406.1
Namibia,NAM,2023,1887358.2
Namibia,NAM,2024,1965785.4
Nauru,NRU,1990,0
Nauru,NRU,2001,302.59882
Nauru,NRU,2011,5452.9204
Nauru,NRU,2017,7064.489
Nauru,NRU,2019,8659.881
Nauru,NRU,2020,9019.437
Nauru,NRU,2021,9401.741
Nauru,NRU,2022,9821.571
Nauru,NRU,2023,9860.965
Nauru,NRU,2024,9917.408
Nepal,NPL,1990,0
Nepal,NPL,1991,0
Nepal,NPL,1992,0
Nepal,NPL,1993,0
Nepal,NPL,1994,0
Nepal,NPL,1995,205.77032
Nepal,NPL,1996,1025.658
Nepal,NPL,1997,5108.2817
Nepal,NPL,1998,15250.15
Nepal,NPL,1999,35464.043
Nepal,NPL,2000,50234.844
Nepal,NPL,2001,59876.016
Nepal,NPL,2002,79268.586
Nepal,NPL,2003,98339.375
Nepal,NPL,2004,117034.27
Nepal,NPL,2005,217461.17
Nepal,NPL,2006,303214.88
Nepal,NPL,2007,377717.72
Nepal,NPL,2008,466927.66
Nepal,NPL,2009,535308.8
Nepal,NPL,2010,2168216.8
Nepal,NPL,2011,2471804.5
Nepal,NPL,2012,3069950.2
Nepal,NPL,2013,3669469.5
Nepal,NPL,2014,4272613.5
Nepal,NPL,2015,4891839
Nepal,NPL,2016,5786780.5
Nepal,NPL,2017,6806735.5
Nepal,NPL,2018,8030791.5
Nepal,NPL,2019,9472283
Nepal,NPL,2020,10707581
Nepal,NPL,2021,12081542
Nepal,NPL,2022,13505904
Nepal,NPL,2023,13602153
Nepal,NPL,2024,13734931
Netherlands,NLD,1990,49938.04
Netherlands,NLD,1991,80020.63
Netherlands,NLD,1992,200431
Netherlands,NLD,1993,301220.25
Netherlands,NLD,1994,501480.53
Netherlands,NLD,1995,1000197.7
Netherlands,NLD,1996,1498693
Netherlands,NLD,1997,2201101.8
Netherlands,NLD,1998,3487000.5
Netherlands,NLD,1999,6198339
Netherlands,NLD,2000,7004734
Netherlands,NLD,2001,7922490.5
Netherlands,NLD,2002,9897679
Netherlands,NLD,2003,10440981
Netherlands,NLD,2004,11156275
Netherlands,NLD,2005,13219093
Netherlands,NLD,2006,13681686
Netherlands,NLD,2007,14058772
Netherlands,NLD,2008,14376737
Netherlands,NLD,2009,14816186
Netherlands,NLD,2010,15073486
Netherlands,NLD,2011,15260808
Netherlands,NLD,2012,15558657
Netherlands,NLD,2013,15788839
Netherlands,NLD,2014,15459590
Netherlands,NLD,2015,15537998
Netherlands,NLD,2016,15397270
Netherlands,NLD,2017,15965902
Netherlands,NLD,2018,15834465
Netherlands,NLD,2019,16180788
Netherlands,NLD,2020,15929904
Netherlands,NLD,2021,16139689
Netherlands,NLD,2022,16376892
Netherlands,NLD,2023,17342020
Netherlands,NLD,2024,17454904
New Caledonia,NCL,1990,0
New Caledonia,NCL,1995,10.379632
New Caledonia,NCL,1996,518.736
New Caledonia,NCL,1997,2072.5486
New Caledonia,NCL,1998,4152.5117
New Caledonia,NCL,1999,12434.187
New Caledonia,NCL,2000,31098.855
New Caledonia,NCL,2001,41527.176
New Caledonia,NCL,2002,51997.17
New Caledonia,NCL,2003,62502.72
New Caledonia,NCL,2004,72973.445
New Caledonia,NCL,2005,79079.29
New Caledonia,NCL,2006,82967.15
New Caledonia,NCL,2007,87879.11
New Caledonia,NCL,2008,87595
New Caledonia,NCL,2009,87439.28
New Caledonia,NCL,2010,109864.44
New Caledonia,NCL,2011,133271.5
New Caledonia,NCL,2012,157547.14
New Caledonia,NCL,2013,182702.53
New Caledonia,NCL,2014,196856.8
New Caledonia,NCL,2015,209549.28
New Caledonia,NCL,2017,232524.3
New Zealand,NZL,1990,0
New Zealand,NZL,1992,10100.662
New Zealand,NZL,1993,22540.58
New Zealand,NZL,1994,114754
New Zealand,NZL,1995,179261.94
New Zealand,NZL,1996,300052.78
New Zealand,NZL,1997,552069.8
New Zealand,NZL,1998,1205540
New Zealand,NZL,1999,1591566.5
New Zealand,NZL,2000,1827761
New Zealand,NZL,2001,2066017.6
New Zealand,NZL,2002,2332803.8
New Zealand,NZL,2003,2455083.5
New Zealand,NZL,2004,2528021.8
New Zealand,NZL,2005,2592790.2
New Zealand,NZL,2006,2887374
New Zealand,NZL,2007,2946523
New Zealand,NZL,2008,3068333.8
New Zealand,NZL,2009,3429172.2
New Zealand,NZL,2010,3500573.2
New Zealand,NZL,2011,3561123.2
New Zealand,NZL,2012,3598969.8
New Zealand,NZL,2013,3677170.2
New Zealand,NZL,2014,3793860
New Zealand,NZL,2015,3927208.8
New Zealand,NZL,2016,4077696.5
New Zealand,NZL,2017,4221527
New Zealand,NZL,2018,4361534
New Zealand,NZL,2019,4466495.5
New Zealand,NZL,2020,4611876.5
New Zealand,NZL,2021,4677354
New Zealand,NZL,2022,4729685.5
New Zealand,NZL,2023,4852957.5
New Zealand,NZL,2024,4947171
Nicaragua,NIC,1990,0
Nicaragua,NIC,1994,600.5097
Nicaragua,NIC,1995,1392.8793
Nicaragua,NIC,1996,3977.9082
Nicaragua,NIC,1997,9907.721
Nicaragua,NIC,1998,14846.311
Nicaragua,NIC,1999,24671.008
Nicaragua,NIC,2000,49232.68
Nicaragua,NIC,2001,73712.375
Nicaragua,NIC,2002,88307.01
Nicaragua,NIC,2003,97987.6
Nicaragua,NIC,2004,122366.6
Nicaragua,NIC,2005,137099.78
Nicaragua,NIC,2006,152029.92
Nicaragua,NIC,2007,214392.48
Nicaragua,NIC,2008,295559.44
Nicaragua,NIC,2009,412931.88
Nicaragua,NIC,2010,573745
Nicaragua,NIC,2011,616819.44
Nicaragua,NIC,2012,796673.75
Nicaragua,NIC,2013,927496
Nicaragua,NIC,2014,1067702.6
Nicaragua,NIC,2015,1211699.6
Nicaragua,NIC,2016,1531478.2
Nicaragua,NIC,2017,1920134.1
Nicaragua,NIC,2018,2170459
Nicaragua,NIC,2019,2529326.5
Nicaragua,NIC,2020,2946157
Nicaragua,NIC,2021,3430042
Nicaragua,NIC,2022,3996662.5
Nicaragua,NIC,2023,4114720.8
Nicaragua,NIC,2024,4246199
Niger,NER,1990,0
Niger,NER,1996,104.46646
Niger,NER,1997,208.71777
Niger,NER,1998,312.5751
Niger,NER,1999,3123.9927
Niger,NER,2000,4173.541
Niger,NER,2001,12538.784
Niger,NER,2002,15702.241
Niger,NER,2003,19924.738
Niger,NER,2004,25196.297
Niger,NER,2005,30442.453
Niger,NER,2006,41949.63
Niger,NER,2007,57793.293
Niger,NER,2008,107533.4
Niger,NER,2009,121171.93
Niger,NER,2010,137355.33
Niger,NER,2011,154586.55
Niger,NER,2012,187286.08
Niger,NER,2013,212978.83
Niger,NER,2014,239944.38
Niger,NER,2015,493741.88
Niger,NER,2016,894203.75
Niger,NER,2017,2191626.8
Niger,NER,2018,2383398
Niger,NER,2019,2589769
Niger,NER,2020,2812150
Niger,NER,2021,3052207
Niger,NER,2022,3312704.2
Niger,NER,2023,3395759.8
Niger,NER,2024,4205594.5
Nigeria,NGA,1990,0
Nigeria,NGA,1996,10044.547
Nigeria,NGA,1997,20081.824
Nigeria,NGA,1998,30201.256
Nigeria,NGA,1999,50449.402
Nigeria,NGA,2000,80986.914
Nigeria,NGA,2001,116748.25
Nigeria,NGA,2002,427727
Nigeria,NGA,2003,766381.3
Nigeria,NGA,2004,1814187.8
Nigeria,NGA,2005,5146888
Nigeria,NGA,2006,8266392.5
Nigeria,NGA,2007,10376193
Nigeria,NGA,2008,12607601
Nigeria,NGA,2009,15070601
Nigeria,NGA,2010,19163932
Nigeria,NGA,2011,23650384
Nigeria,NGA,2012,28368300
Nigeria,NGA,2013,34580444
Nigeria,NGA,2014,39038350
Nigeria,NGA,2015,42928250
Nigeria,NGA,2016,47175224
Nigeria,NGA,2017,51821676
Nigeria,NGA,2018,56857590
Nigeria,NGA,2019,62309620
Nigeria,NGA,2020,68240820
Nigeria,NGA,2021,77599310
Nigeria,NGA,2022,87357330
Nigeria,NGA,2023,91299016
Nigeria,NGA,2024,95890470
North America (WB),WB_NA,2005,223902460
North America (WB),WB_NA,2006,229392670
North America (WB),WB_NA,2007,249968980
North America (WB),WB_NA,2008,250691600
North America (WB),WB_NA,2009,244794460
North America (WB),WB_NA,2010,248999700
North America (WB),WB_NA,2011,245832110
North America (WB),WB_NA,2012,263582690
North America (WB),WB_NA,2013,256162000
North America (WB),WB_NA,2014,263937840
North America (WB),WB_NA,2015,272120700
North America (WB),WB_NA,2016,310414270
North America (WB),WB_NA,2017,318904770
North America (WB),WB_NA,2018,325808420
North America (WB),WB_NA,2019,330014200
North America (WB),WB_NA,2020,334552350
North America (WB),WB_NA,2021,338920300
North America (WB),WB_NA,2022,345408350
North America (WB),WB_NA,2023,351618620
North America (WB),WB_NA,2024,359976260
North America (WB),WB_NA,2025,366627000
North Korea,PRK,1990,0
North Korea,PRK,1997,0
North Korea,PRK,1998,0
North Korea,PRK,1999,0
North Korea,PRK,2000,0
North Korea,PRK,2001,0
North Korea,PRK,2002,0
North Korea,PRK,2003,0
North Korea,PRK,2004,0
North Macedonia,MKD,1990,0
North Macedonia,MKD,1995,813.4033
North Macedonia,MKD,1996,1529.5402
North Macedonia,MKD,1997,10064.22
North Macedonia,MKD,1998,20075.23
North Macedonia,MKD,1999,30257.129
North Macedonia,MKD,2000,50366.273
North Macedonia,MKD,2001,70573.46
North Macedonia,MKD,2002,350093.22
North Macedonia,MKD,2003,385733.66
North Macedonia,MKD,2004,492755.88
North Macedonia,MKD,2005,530409.8
North Macedonia,MKD,2006,570765
North Macedonia,MKD,2007,719804.7
North Macedonia,MKD,2008,907675.44
North Macedonia,MKD,2009,1014061.5
North Macedonia,MKD,2010,1010128.6
North Macedonia,MKD,2011,1098504.8
North Macedonia,MKD,2012,1108681.1
North Macedonia,MKD,2013,1254379.9
North Macedonia,MKD,2014,1305060.1
North Macedonia,MKD,2015,1345972.1
North Macedonia,MKD,2016,1375534.8
North Macedonia,MKD,2017,1414818.9
North Macedonia,MKD,2018,1495519.2
North Macedonia,MKD,2019,1527519
North Macedonia,MKD,2020,1510987.8
North Macedonia,MKD,2021,1504113.2
North Macedonia,MKD,2022,1535896.1
North Macedonia,MKD,2023,1617617.1
North Macedonia,MKD,2024,1707600
North Macedonia,MKD,2025,1695266.2
Northern Mariana Islands,MNP,1990,0
Norway,NOR,1990,29987.215
Norway,NOR,1991,60090.418
Norway,NOR,1992,95158.1
Norway,NOR,1993,119873.34
Norway,NOR,1994,179969.45
Norway,NOR,1995,279859.6
Norway,NOR,1996,801784.5
Norway,NOR,1997,898652
Norway,NOR,1998,1001510.94
Norway,NOR,1999,1784765.2
Norway,NOR,2000,2335302.8
Norway,NOR,2001,2888800.5
Norway,NOR,2002,3305595
Norway,NOR,2003,3566521
Norway,NOR,2004,3567455
Norway,NOR,2005,3790636.2
Norway,NOR,2006,3847389
Norway,NOR,2007,4093666.8
Norway,NOR,2008,4318569.5
Norway,NOR,2009,4446291
Norway,NOR,2010,4566072.5
Norway,NOR,2011,4630641
Norway,NOR,2012,4750078
Norway,NOR,2013,4828354.5
Norway,NOR,2014,4947180.5
Norway,NOR,2015,5023107
Norway,NOR,2016,5093093
Norway,NOR,2017,5084760
Norway,NOR,2018,5125556
Norway,NOR,2019,5240938.5
Norway,NOR,2020,5089390
Norway,NOR,2021,5354237
Norway,NOR,2022,5402554.5
Norway,NOR,2023,5464405
Norway,NOR,2024,5516556.5
Oman,OMN,1990,0
Oman,OMN,1996,0
Oman,OMN,1997,9639.168
Oman,OMN,1998,19180.08
Oman,OMN,1999,56773.31
Oman,OMN,2000,80340.63
Oman,OMN,2001,136160.53
Oman,OMN,2002,160640.89
Oman,OMN,2003,171510.95
Oman,OMN,2004,162538.3
Oman,OMN,2005,164403.33
Oman,OMN,2006,208720.42
Oman,OMN,2007,428705.03
Oman,OMN,2008,525305.8
Oman,OMN,2009,719488.6
Oman,OMN,2010,987932.25
Oman,OMN,2011,1476846.2
Oman,OMN,2012,2128263.8
Oman,OMN,2013,2547635.2
Oman,OMN,2014,2810512.8
Oman,OMN,2015,3077153.2
Oman,OMN,2016,3374186.5
Oman,OMN,2017,3638338
Oman,OMN,2018,3931185
Oman,OMN,2019,4144026.5
Oman,OMN,2020,4306877.5
Oman,OMN,2021,4286150
Oman,OMN,2022,4505318
Oman,OMN,2023,4809514.5
Oman,OMN,2024,5030757
Pakistan,PAK,1990,0
Pakistan,PAK,1995,165.53618
Pakistan,PAK,1996,4142.857
Pakistan,PAK,1997,39196.246
Pakistan,PAK,1998,64323.316
Pakistan,PAK,1999,83413.21
Pakistan,PAK,2001,2100068
Pakistan,PAK,2002,4206941.5
Pakistan,PAK,2003,8424292
Pakistan,PAK,2004,10558619
Pakistan,PAK,2005,11110223
Pakistan,PAK,2006,11679374
Pakistan,PAK,2007,12545540
Pakistan,PAK,2008,13264938
Pakistan,PAK,2009,14578241
Pakistan,PAK,2010,15939123
Pakistan,PAK,2011,16299685
Pakistan,PAK,2012,16821038
Pakistan,PAK,2013,18996658
Pakistan,PAK,2014,21426466
Pakistan,PAK,2015,23901998
Pakistan,PAK,2016,27265182
Pakistan,PAK,2017,30767152
Pakistan,PAK,2018,34810892
Pakistan,PAK,2019,39399790
Pakistan,PAK,2020,44497580
Pakistan,PAK,2024,143859120
Palau,PLW,1990,0
Palau,PLW,2002,3948.1755
Palau,PLW,2003,4246.644
Palau,PLW,2004,5345.52
Palau,PLW,2022,14663.161
Palau,PLW,2023,14698.571
Palau,PLW,2024,14850.617
Palestine,PSE,1990,0
Palestine,PSE,2000,32474.066
Palestine,PSE,2001,55064.938
Palestine,PSE,2002,95339.4
Palestine,PSE,2003,130319.66
Palestine,PSE,2004,142440.81
Palestine,PSE,2005,531429.4
Palestine,PSE,2006,627106.1
Palestine,PSE,2007,739994.5
Palestine,PSE,2008,874933.75
Palestine,PSE,2009,1188996.5
Palestine,PSE,2010,1416024.2
Palestine,PSE,2011,1595130.6
Palestine,PSE,2012,1727319.2
Palestine,PSE,2013,1899745.9
Palestine,PSE,2014,2239662.2
Palestine,PSE,2015,2421142.2
Palestine,PSE,2016,2615885.8
Palestine,PSE,2017,2819891.8
Palestine,PSE,2018,2942491.8
Palestine,PSE,2019,3308884
Palestine,PSE,2020,3659207.2
Palestine,PSE,2022,4471006
Palestine,PSE,2023,4475506
Panama,PAN,1990,0
Panama,PAN,1994,203.95331
Panama,PAN,1995,1528.4766
Panama,PAN,1996,6116.4995
Panama,PAN,1997,15289.785
Panama,PAN,1998,79582.63
Panama,PAN,1999,113349.96
Panama,PAN,2000,197323.56
Panama,PAN,2001,223106.22
Panama,PAN,2002,266559.97
Panama,PAN,2003,318579.53
Panama,PAN,2004,362206.7
Panama,PAN,2005,380467.9
Panama,PAN,2006,585553.1
Panama,PAN,2007,766216.56
Panama,PAN,2008,1183919.1
Panama,PAN,2009,1392960.2
Panama,PAN,2010,1455042.5
Panama,PAN,2011,1577126.8
Panama,PAN,2012,1515051.4
Panama,PAN,2013,1684292.2
Panama,PAN,2014,1748480.4
Panama,PAN,2015,2027752.8
Panama,PAN,2016,2175706.5
Panama,PAN,2017,2457200.8
Panama,PAN,2018,2575968
Panama,PAN,2019,2694472.2
Panama,PAN,2020,2783076.5
Panama,PAN,2021,2869823
Panama,PAN,2022,2961011.8
Panama,PAN,2023,3056413
Panama,PAN,2024,3286053.2
Papua New Guinea,PNG,1990,0
Papua New Guinea,PNG,1996,99.636566
Papua New Guinea,PNG,1997,5037.7617
Papua New Guinea,PNG,1998,12141.017
Papua New Guinea,PNG,1999,35680.05
Papua New Guinea,PNG,2000,46248.29
Papua New Guinea,PNG,2001,51790.984
Papua New Guinea,PNG,2002,78294.99
Papua New Guinea,PNG,2003,84168.5
Papua New Guinea,PNG,2004,95421.336
Papua New Guinea,PNG,2005,112168.57
Papua New Guinea,PNG,2006,118387.89
Papua New Guinea,PNG,2007,124685.65
Papua New Guinea,PNG,2008,82604.52
Papua New Guinea,PNG,2009,119243.66
Papua New Guinea,PNG,2010,97709.09
Papua New Guinea,PNG,2011,157186.92
Papua New Guinea,PNG,2012,282848.66
Papua New Guinea,PNG,2013,423437.6
Papua New Guinea,PNG,2014,554023.6
Papua New Guinea,PNG,2015,690716.44
Papua New Guinea,PNG,2016,860459.3
Papua New Guinea,PNG,2017,1028860.4
Papua New Guinea,PNG,2018,1160964.5
Papua New Guinea,PNG,2019,1309150.8
Papua New Guinea,PNG,2020,1474364.4
Papua New Guinea,PNG,2021,1658095.6
Papua New Guinea,PNG,2022,1862751.6
Papua New Guinea,PNG,2023,1928451.4
Papua New Guinea,PNG,2024,1989609.2
Paraguay,PRY,1990,0
Paraguay,PRY,1996,956.25885
Paraguay,PRY,1997,4775.2344
Paraguay,PRY,1998,9555.049
Paraguay,PRY,1999,19111.977
Paraguay,PRY,2000,38135.656
Paraguay,PRY,2001,57002.008
Paraguay,PRY,2002,94439.234
Paraguay,PRY,2003,112491.25
Paraguay,PRY,2004,186023.42
Paraguay,PRY,2005,430781.44
Paraguay,PRY,2006,438325.4
Paraguay,PRY,2007,623207.2
Paraguay,PRY,2008,801057
Paraguay,PRY,2009,1071863.6
Paraguay,PRY,2010,1136118.2
Paraguay,PRY,2011,1439905.9
Paraguay,PRY,2012,1730182.1
Paraguay,PRY,2013,2207522.2
Paraguay,PRY,2014,2610466.2
Paraguay,PRY,2015,3062078.5
Paraguay,PRY,2016,3337291.2
Paraguay,PRY,2017,3871384.8
Paraguay,PRY,2018,4177383.8
Paraguay,PRY,2019,4463963.5
Paraguay,PRY,2020,4883961
Paraguay,PRY,2021,5148049
Paraguay,PRY,2022,5155473
Paraguay,PRY,2023,5344923
Paraguay,PRY,2024,5652669.5
Peru,PER,1990,0
Peru,PER,1994,2029.9271
Peru,PER,1995,8132.5386
Peru,PER,1996,61035.484
Peru,PER,1997,101854.81
Peru,PER,1998,306283.34
Peru,PER,1999,510636.84
Peru,PER,2000,818279.2
Peru,PER,2001,2043583.2
Peru,PER,2002,2446920.8
Peru,PER,2003,3199337
Peru,PER,2004,3927158.8
Peru,PER,2005,4805302
Peru,PER,2006,5863169.5
Peru,PER,2007,7189736.5
Peru,PER,2008,8779411
Peru,PER,2009,9073599
Peru,PER,2010,10113209
Peru,PER,2011,10552401
Peru,PER,2012,11288240
Peru,PER,2013,11688625
Peru,PER,2014,12120011
Peru,PER,2015,12442722
Peru,PER,2016,14032446
Peru,PER,2017,15803409
Peru,PER,2018,17561002
Peru,PER,2019,19453522
Peru,PER,2020,21427766
Peru,PER,2021,23576428
Peru,PER,2022,24997768
Peru,PER,2023,26902138
Peru,PER,2024,28043942
Philippines,PHL,1990,0
Philippines,PHL,1994,4030.7266
Philippines,PHL,1995,20176.227
Philippines,PHL,1996,40354.348
Philippines,PHL,1997,101255.06
Philippines,PHL,1998,833701.25
Philippines,PHL,1999,1111871.6
Philippines,PHL,2000,1578377
Philippines,PHL,2001,2054578.1
Philippines,PHL,2002,3598773.2
Philippines,PHL,2003,4115995
Philippines,PHL,2004,4530207
Philippines,PHL,2005,4750750
Philippines,PHL,2006,5138340.5
Philippines,PHL,2007,5437188
Philippines,PHL,2008,5765883.5
Philippines,PHL,2009,8494583
Philippines,PHL,2010,24084282
Philippines,PHL,2011,28492098
Philippines,PHL,2012,30854058
Philippines,PHL,2013,33378964
Philippines,PHL,2014,36007196
Philippines,PHL,2015,38860496
Philippines,PHL,2016,41840404
Philippines,PHL,2017,44977788
Philippines,PHL,2018,48274188
Philippines,PHL,2019,47675500
Philippines,PHL,2020,60260376
Philippines,PHL,2021,75673360
Philippines,PHL,2022,85713880
Philippines,PHL,2023,89462330
Philippines,PHL,2024,77919940
Poland,POL,1990,0
Poland,POL,1991,2000.2759
Poland,POL,1992,19987.47
Poland,POL,1993,49999.832
Poland,POL,1994,149930.92
Poland,POL,1995,250095.6
Poland,POL,1996,502116.78
Poland,POL,1997,800048
Poland,POL,1998,1585202.6
Poland,POL,1999,2110850.8
Poland,POL,2000,2787305.2
Poland,POL,2001,3786815.8
Poland,POL,2002,8085721.5
Poland,POL,2003,9501477
Poland,POL,2004,12420676
Poland,POL,2005,14812010
Poland,POL,2006,17003378
Poland,POL,2007,18526592
Poland,POL,2008,20256216
Poland,POL,2009,22498000
Poland,POL,2010,23708270
Poland,POL,2011,23580186
Poland,POL,2012,23717156
Poland,POL,2013,23907958
Poland,POL,2014,25315336
Poland,POL,2015,25829614
Poland,POL,2016,27832342
Poland,POL,2017,28855310
Poland,POL,2018,29446280
Poland,POL,2019,30537874
Poland,POL,2020,31207434
Poland,POL,2021,31572972
Poland,POL,2022,32013244
Poland,POL,2023,31703282
Poland,POL,2024,32385982
Portugal,PRT,1990,0
Portugal,PRT,1991,9960.235
Portugal,PRT,1992,24881.234
Portugal,PRT,1993,44841.035
Portugal,PRT,1994,71839.06
Portugal,PRT,1995,149390.02
Portugal,PRT,1996,299905.56
Portugal,PRT,1997,500394.34
Portugal,PRT,1998,1002811.4
Portugal,PRT,1999,1502020.8
Portugal,PRT,2000,1690678.4
Portugal,PRT,2001,1874319.8
Portugal,PRT,2002,2018282.6
Portugal,PRT,2003,3103132.2
Portugal,PRT,2004,3331771.2
Portugal,PRT,2005,3675115.2
Portugal,PRT,2006,3999521.5
Portugal,PRT,2007,4437533.5
Portugal,PRT,2008,4659323.5
Portugal,PRT,2009,5101292.5
Portugal,PRT,2010,5635462
Portugal,PRT,2011,5833051.5
Portugal,PRT,2012,6344657
Portugal,PRT,2013,6493520
Portugal,PRT,2014,6718298
Portugal,PRT,2015,7109043.5
Portugal,PRT,2016,7271551.5
Portugal,PRT,2017,7600716
Portugal,PRT,2018,7678000.5
Portugal,PRT,2019,7750326
Portugal,PRT,2020,8058666
Portugal,PRT,2021,8528723
Portugal,PRT,2022,8816688
Portugal,PRT,2023,9075028
Portugal,PRT,2024,9463407
Puerto Rico,PRI,1990,0
Puerto Rico,PRI,1994,996.24176
Puerto Rico,PRI,1995,4972.189
Puerto Rico,PRI,1996,9982.076
Puerto Rico,PRI,1997,50000.42
Puerto Rico,PRI,1998,100199.18
Puerto Rico,PRI,1999,200264.27
Puerto Rico,PRI,2000,399147.47
Puerto Rico,PRI,2001,596875.56
Puerto Rico,PRI,2002,670969.56
Puerto Rico,PRI,2003,754009.5
Puerto Rico,PRI,2004,846916.3
Puerto Rico,PRI,2005,894200.6
Puerto Rico,PRI,2006,968138.5
Puerto Rico,PRI,2007,1053942.4
Puerto Rico,PRI,2008,1429129
Puerto Rico,PRI,2009,1552270.1
Puerto Rico,PRI,2010,1687182.6
Puerto Rico,PRI,2011,1772862.6
Puerto Rico,PRI,2012,2526120.5
Puerto Rico,PRI,2013,2505684.5
Puerto Rico,PRI,2014,2729411.8
Puerto Rico,PRI,2015,2243641
Puerto Rico,PRI,2016,2389101
Puerto Rico,PRI,2017,2344635.8
Puerto Rico,PRI,2018,2331664.5
Puerto Rico,PRI,2019,2567394.5
Puerto Rico,PRI,2021,2766360.8
Puerto Rico,PRI,2022,2810924.5
Qatar,QAT,1990,0
Qatar,QAT,1995,977.2175
Qatar,QAT,1996,4919.877
Qatar,QAT,1997,16955.4
Qatar,QAT,1998,20435.008
Qatar,QAT,1999,24928.752
Qatar,QAT,2000,31370.197
Qatar,QAT,2001,41829.793
Qatar,QAT,2002,72728.734
Qatar,QAT,2003,143294.22
Qatar,QAT,2004,160092.47
Qatar,QAT,2005,204152.3
Qatar,QAT,2006,281869.03
Qatar,QAT,2007,447180.16
Qatar,QAT,2008,632133.5
Qatar,QAT,2009,854327.44
Qatar,QAT,2010,1115614.1
Qatar,QAT,2011,1121085.1
Qatar,QAT,2012,1193649.6
Qatar,QAT,2013,1634711.5
Qatar,QAT,2014,1968631.5
Qatar,QAT,2015,2177737.8
Qatar,QAT,2016,2356345.2
Qatar,QAT,2017,2479344.8
Qatar,QAT,2018,2571774.8
Qatar,QAT,2019,2629495.8
Qatar,QAT,2020,2784448
Qatar,QAT,2021,2496213
Qatar,QAT,2022,2605196
Qatar,QAT,2023,2606956.5
Qatar,QAT,2024,2803106.2
Romania,ROU,1990,0
Romania,ROU,1993,842.2414
Romania,ROU,1994,5978.0454
Romania,ROU,1995,17013.203
Romania,ROU,1996,50214.19
Romania,ROU,1997,100365.2
Romania,ROU,1998,504164.5
Romania,ROU,1999,606745.1
Romania,ROU,2000,811025.56
Romania,ROU,2001,1004496.9
Romania,ROU,2002,1429866.5
Romania,ROU,2003,1920114.9
Romania,ROU,2004,3217762.2
Romania,ROU,2005,4583732.5
Romania,ROU,2006,5226381.5
Romania,ROU,2007,5909883.5
Romania,ROU,2008,6658378.5
Romania,ROU,2009,7454500
Romania,ROU,2010,8084576
Romania,ROU,2011,8061026
Romania,ROU,2012,9202625
Romania,ROU,2013,9944785
Romania,ROU,2014,10766441
Romania,ROU,2015,11049813
Romania,ROU,2016,11723628
Romania,ROU,2017,12487274
Romania,ROU,2018,13764450
Romania,ROU,2019,14268667
Romania,ROU,2020,15114604
Romania,ROU,2021,15984210
Romania,ROU,2022,16287058
Romania,ROU,2023,17003106
Romania,ROU,2024,17392486
Russia,RUS,1990,0
Russia,RUS,1992,999.6621
Russia,RUS,1993,19893.477
Russia,RUS,1994,79843.46
Russia,RUS,1995,219596.16
Russia,RUS,1996,400032.34
Russia,RUS,1997,699639.6
Russia,RUS,1998,1200563.5
Russia,RUS,1999,1501590.6
Russia,RUS,2000,2898557.2
Russia,RUS,2001,4298084.5
Russia,RUS,2002,5998647
Russia,RUS,2003,12004187
Russia,RUS,2004,18526176
Russia,RUS,2005,21853178
Russia,RUS,2006,25782266
Russia,RUS,2007,35215740
Russia,RUS,2008,45677556
Russia,RUS,2009,60755170
Russia,RUS,2010,69996240
Russia,RUS,2011,82950550
Russia,RUS,2012,94629780
Russia,RUS,2013,97744696
Russia,RUS,2014,101712584
Russia,RUS,2015,101392040
Russia,RUS,2016,105993880
Russia,RUS,2017,110434700
Russia,RUS,2018,117575780
Russia,RUS,2019,120205736
Russia,RUS,2020,123450630
Russia,RUS,2021,127686680
Russia,RUS,2022,130416140
Russia,RUS,2023,132672360
Russia,RUS,2024,135573800
Rwanda,RWA,1990,0
Rwanda,RWA,1996,59.23838
Rwanda,RWA,1997,126.410385
Rwanda,RWA,1998,953.63837
Rwanda,RWA,1999,5475.397
Rwanda,RWA,2000,5160.933
Rwanda,RWA,2001,19944.748
Rwanda,RWA,2002,24594.443
Rwanda,RWA,2003,30648.143
Rwanda,RWA,2004,37987.746
Rwanda,RWA,2005,50343.176
Rwanda,RWA,2007,202019.3
Rwanda,RWA,2008,441192.12
Rwanda,RWA,2009,774653.25
Rwanda,RWA,2010,825404.25
Rwanda,RWA,2011,740161.3
Rwanda,RWA,2012,868980.4
Rwanda,RWA,2013,998400.6
Rwanda,RWA,2014,1204664.2
Rwanda,RWA,2015,1449881.2
Rwanda,RWA,2016,1744622.9
Rwanda,RWA,2017,2098754.5
Rwanda,RWA,2018,2393524.2
Rwanda,RWA,2019,2728720
Rwanda,RWA,2020,3109669
Rwanda,RWA,2021,3264239.5
Rwanda,RWA,2022,3824581.8
Rwanda,RWA,2023,4019696.8
Rwanda,RWA,2024,4519802
Saint Kitts and Nevis,KNA,1990,0
Saint Kitts and Nevis,KNA,1996,836.1015
Saint Kitts and Nevis,KNA,1997,981.47284
Saint Kitts and Nevis,KNA,1998,1469.5332
Saint Kitts and Nevis,KNA,1999,1962.444
Saint Kitts and Nevis,KNA,2000,2652.8042
Saint Kitts and Nevis,KNA,2001,3530.3362
Saint Kitts and Nevis,KNA,2002,9734.326
Saint Kitts and Nevis,KNA,2003,10606.527
Saint Kitts and Nevis,KNA,2004,11457.255
Saint Kitts and Nevis,KNA,2005,15788.58
Saint Kitts and Nevis,KNA,2006,17929.064
Saint Kitts and Nevis,KNA,2007,20317.11
Saint Kitts and Nevis,KNA,2008,23042.82
Saint Kitts and Nevis,KNA,2009,26132.21
Saint Kitts and Nevis,KNA,2010,29512.98
Saint Kitts and Nevis,KNA,2011,29631.953
Saint Kitts and Nevis,KNA,2012,30101.12
Saint Kitts and Nevis,KNA,2013,30406.572
Saint Kitts and Nevis,KNA,2014,30787.633
Saint Kitts and Nevis,KNA,2015,31158.928
Saint Kitts and Nevis,KNA,2016,31527.963
Saint Kitts and Nevis,KNA,2017,31892.56
Saint Kitts and Nevis,KNA,2018,32249.742
Saint Kitts and Nevis,KNA,2019,32601.121
Saint Kitts and Nevis,KNA,2020,32938.035
Saint Kitts and Nevis,KNA,2021,34778.39
Saint Kitts and Nevis,KNA,2022,35387.812
Saint Kitts and Nevis,KNA,2023,35811.72
Saint Kitts and Nevis,KNA,2024,36014.773
Saint Lucia,LCA,1990,0
Saint Lucia,LCA,1995,453.51648
Saint Lucia,LCA,1996,1007.92126
Saint Lucia,LCA,1997,1513.4845
Saint Lucia,LCA,1998,2010.8009
Saint Lucia,LCA,1999,3024.3484
Saint Lucia,LCA,2000,8074.321
Saint Lucia,LCA,2001,13110.373
Saint Lucia,LCA,2002,23667.21
Saint Lucia,LCA,2003,34196.4
Saint Lucia,LCA,2004,35139.28
Saint Lucia,LCA,2005,35683.566
Saint Lucia,LCA,2006,40826.555
Saint Lucia,LCA,2007,46804.48
Saint Lucia,LCA,2008,50642.402
Saint Lucia,LCA,2009,52659.39
Saint Lucia,LCA,2010,55544.45
Saint Lucia,LCA,2011,58412.34
Saint Lucia,LCA,2012,79157.03
Saint Lucia,LCA,2013,85622.09
Saint Lucia,LCA,2014,92606.06
Saint Lucia,LCA,2015,100156.38
Saint Lucia,LCA,2016,102265.664
Saint Lucia,LCA,2017,104324.11
Saint Lucia,LCA,2018,106409.516
Saint Lucia,LCA,2019,108516.234
Saint Lucia,LCA,2020,110629.08
Saint Lucia,LCA,2021,112581.87
Saint Lucia,LCA,2022,119696.734
Saint Lucia,LCA,2023,120916.8
Saint Lucia,LCA,2024,122594.39
Saint Vincent and the Grenadines,VCT,1990,0
Saint Vincent and the Grenadines,VCT,1995,145.83063
Saint Vincent and the Grenadines,VCT,1996,546.36475
Saint Vincent and the Grenadines,VCT,1997,1047.6857
Saint Vincent and the Grenadines,VCT,1998,2093.83
Saint Vincent and the Grenadines,VCT,1999,3151.5747
Saint Vincent and the Grenadines,VCT,2000,3684.5776
Saint Vincent and the Grenadines,VCT,2001,5782.66
Saint Vincent and the Grenadines,VCT,2002,6290.2993
Saint Vincent and the Grenadines,VCT,2003,7311.481
Saint Vincent and the Grenadines,VCT,2004,8317.255
Saint Vincent and the Grenadines,VCT,2005,10343.464
Saint Vincent and the Grenadines,VCT,2006,13441.68
Saint Vincent and the Grenadines,VCT,2007,17844.959
Saint Vincent and the Grenadines,VCT,2008,23315.879
Saint Vincent and the Grenadines,VCT,2009,34257.48
Saint Vincent and the Grenadines,VCT,2010,37056.184
Saint Vincent and the Grenadines,VCT,2011,40131.086
Saint Vincent and the Grenadines,VCT,2012,43494.402
Saint Vincent and the Grenadines,VCT,2013,47038.727
Saint Vincent and the Grenadines,VCT,2014,50971.59
Saint Vincent and the Grenadines,VCT,2015,52838.242
Saint Vincent and the Grenadines,VCT,2016,54769.734
Saint Vincent and the Grenadines,VCT,2017,56741.03
Saint Vincent and the Grenadines,VCT,2018,58758.56
Saint Vincent and the Grenadines,VCT,2019,62058.848
Saint Vincent and the Grenadines,VCT,2020,65615.81
Saint Vincent and the Grenadines,VCT,2021,70788.95
Saint Vincent and the Grenadines,VCT,2022,76284.28
Saint Vincent and the Grenadines,VCT,2023,76536.15
Saint Vincent and the Grenadines,VCT,2024,76659.43
Samoa,WSM,1990,0
Samoa,WSM,1997,310.70724
Samoa,WSM,1998,411.4815
Samoa,WSM,1999,513.78375
Samoa,WSM,2000,1029.0503
Samoa,WSM,2001,3095.3271
Samoa,WSM,2002,4141.0654
Samoa,WSM,2003,5191.3545
Samoa,WSM,2004,5728.1426
Samoa,WSM,2005,6268.61
Samoa,WSM,2006,8389.041
Samoa,WSM,2007,8965.768
Samoa,WSM,2008,9565.424
Samoa,WSM,2009,11490.779
Samoa,WSM,2010,13511.61
Samoa,WSM,2011,21418.43
Samoa,WSM,2012,25392.455
Samoa,WSM,2013,30335.004
Samoa,WSM,2014,42407.848
San Marino,SMR,1990,0
San Marino,SMR,1995,342.1488
San Marino,SMR,1996,364.3926
San Marino,SMR,1997,366.36
San Marino,SMR,1998,368.3625
San Marino,SMR,1999,11324.452
San Marino,SMR,2000,13077.777
San Marino,SMR,2001,13664.24
San Marino,SMR,2002,13975.006
San Marino,SMR,2003,13922.461
San Marino,SMR,2004,14895.326
San Marino,SMR,2006,15154.981
San Marino,SMR,2007,15719.364
San Marino,SMR,2008,17262.123
San Marino,SMR,2009,17925.078
San Marino,SMR,2011,16179.52
San Marino,SMR,2016,18205.55
San Marino,SMR,2017,20356.664
San Marino,SMR,2019,23519.09
San Marino,SMR,2020,27103.213
San Marino,SMR,2021,27973.607
San Marino,SMR,2022,32853.035
San Marino,SMR,2023,32958.105
San Marino,SMR,2024,33077.355
Sao Tome and Principe,STP,1990,0
Sao Tome and Principe,STP,1998,416.62296
Sao Tome and Principe,STP,1999,517.0645
Sao Tome and Principe,STP,2000,6680.2993
Sao Tome and Principe,STP,2001,9237.606
Sao Tome and Principe,STP,2002,11365.084
Sao Tome and Principe,STP,2003,15630.339
Sao Tome and Principe,STP,2004,21010.805
Sao Tome and Principe,STP,2005,22240.719
Sao Tome and Principe,STP,2006,23490.781
Sao Tome and Principe,STP,2007,24760.05
Sao Tome and Principe,STP,2008,26903.156
Sao Tome and Principe,STP,2009,29185.676
Sao Tome and Principe,STP,2010,34087.875
Sao Tome and Principe,STP,2011,37429.066
Sao Tome and Principe,STP,2012,40866.54
Sao Tome and Principe,STP,2013,44424.04
Sao Tome and Principe,STP,2014,48030.824
Sao Tome and Principe,STP,2015,51715.133
Sao Tome and Principe,STP,2016,57032.92
Sao Tome and Principe,STP,2017,67506.164
Sao Tome and Principe,STP,2018,79858.03
Sao Tome and Principe,STP,2019,94442.82
Sao Tome and Principe,STP,2020,112097.96
Sao Tome and Principe,STP,2021,121966.45
Sao Tome and Principe,STP,2022,132541.86
Sao Tome and Principe,STP,2023,135524.28
Sao Tome and Principe,STP,2024,139243.22
Saudi Arabia,SAU,1990,0
Saudi Arabia,SAU,1995,1461.817
Saudi Arabia,SAU,1996,3692.8794
Saudi Arabia,SAU,1997,7489.345
Saudi Arabia,SAU,1998,15071.407
Saudi Arabia,SAU,1999,76432.05
Saudi Arabia,SAU,2000,357639.56
Saudi Arabia,SAU,2001,797716.8
Saudi Arabia,SAU,2002,1143558.8
Saudi Arabia,SAU,2003,1503238.8
Saudi Arabia,SAU,2004,2013079.5
Saudi Arabia,SAU,2005,2612141.2
Saudi Arabia,SAU,2006,4175853.8
Saudi Arabia,SAU,2007,6710494
Saudi Arabia,SAU,2008,8383636
Saudi Arabia,SAU,2009,9202708
Saudi Arabia,SAU,2010,9831180
Saudi Arabia,SAU,2011,11918637
Saudi Arabia,SAU,2012,14131186
Saudi Arabia,SAU,2013,16712523
Saudi Arabia,SAU,2014,18319964
Saudi Arabia,SAU,2015,20757042
Saudi Arabia,SAU,2016,23178278
Saudi Arabia,SAU,2017,29173110
Saudi Arabia,SAU,2018,28176152
Saudi Arabia,SAU,2019,28778492
Saudi Arabia,SAU,2020,30878022
Saudi Arabia,SAU,2021,30784384
Saudi Arabia,SAU,2022,32175224
Saudi Arabia,SAU,2023,33702732
Saudi Arabia,SAU,2024,35300280
Senegal,SEN,1990,0
Senegal,SEN,1995,61.31734
Senegal,SEN,1996,1015.5055
Senegal,SEN,1997,2534.3943
Senegal,SEN,1998,7592.8584
Senegal,SEN,1999,30263.059
Senegal,SEN,2000,40268.53
Senegal,SEN,2001,100474.31
Senegal,SEN,2002,105337.695
Senegal,SEN,2003,225298.7
Senegal,SEN,2004,481397.03
Senegal,SEN,2005,537806.56
Senegal,SEN,2006,645355.2
Senegal,SEN,2007,810976.7
Senegal,SEN,2008,857885.9
Senegal,SEN,2009,925304.2
Senegal,SEN,2010,1010833
Senegal,SEN,2011,1269972
Senegal,SEN,2012,1437533.5
Senegal,SEN,2013,1796121.1
Senegal,SEN,2014,2504922
Senegal,SEN,2015,3166753
Senegal,SEN,2016,3858579.8
Senegal,SEN,2017,4587270.5
Senegal,SEN,2018,5617817.5
Senegal,SEN,2019,7093848.5
Senegal,SEN,2020,8950131
Senegal,SEN,2021,9478434
Senegal,SEN,2022,10030822
Senegal,SEN,2023,10699646
Senegal,SEN,2024,11122986
Serbia,SRB,2004,1753841.9
Serbia,SRB,2005,1956922.1
Serbia,SRB,2006,2015946.9
Serbia,SRB,2007,2446993.5
Serbia,SRB,2008,2616678.8
Serbia,SRB,2009,2789227.2
Serbia,SRB,2010,2982197.5
Serbia,SRB,2011,3053811.2
Serbia,SRB,2012,3463920
Serbia,SRB,2013,3830548.8
Serbia,SRB,2014,4427062.5
Serbia,SRB,2015,4634493
Serbia,SRB,2016,4733087.5
Serbia,SRB,2017,4937828
Serbia,SRB,2018,5122488
Serbia,SRB,2019,5376776.5
Serbia,SRB,2020,5406710.5
Serbia,SRB,2021,5547141
Serbia,SRB,2022,5567364
Serbia,SRB,2023,5653381.5
Serbia,SRB,2024,5775727.5
Seychelles,SYC,1990,0
Seychelles,SYC,1996,497.4747
Seychelles,SYC,1997,989.68317
Seychelles,SYC,1998,1994.8038
Seychelles,SYC,1999,5009.543
Seychelles,SYC,2000,6000.1484
Seychelles,SYC,2001,8944.484
Seychelles,SYC,2002,11975.88
Seychelles,SYC,2003,12079.821
Seychelles,SYC,2004,20018.445
Seychelles,SYC,2005,21056.926
Seychelles,SYC,2006,29569.37
Seychelles,SYC,2007,32635.666
Seychelles,SYC,2008,35165.004
Seychelles,SYC,2010,36805.7
Seychelles,SYC,2011,37743.035
Seychelles,SYC,2012,41569.52
Seychelles,SYC,2013,45334.297
Seychelles,SYC,2014,46825.78
Seychelles,SYC,2015,50688.78
Seychelles,SYC,2016,53506.426
Seychelles,SYC,2017,59952.77
Seychelles,SYC,2018,66994.72
Seychelles,SYC,2019,74814.13
Seychelles,SYC,2020,78032.81
Seychelles,SYC,2021,81386.9
Seychelles,SYC,2022,101697.06
Seychelles,SYC,2023,103006.33
Seychelles,SYC,2024,106570.66
Sierra Leone,SLE,1990,0
Sierra Leone,SLE,1993,0
Sierra Leone,SLE,1994,0
Sierra Leone,SLE,1995,0
Sierra Leone,SLE,1996,105.40017
Sierra Leone,SLE,1997,212.26042
Sierra Leone,SLE,1998,635.7762
Sierra Leone,SLE,1999,2094.251
Sierra Leone,SLE,2000,5231.1074
Sierra Leone,SLE,2001,7520.7554
Sierra Leone,SLE,2002,8759.616
Sierra Leone,SLE,2003,9846.577
Sierra Leone,SLE,2004,10872.518
Sierra Leone,SLE,2005,11850.687
Sierra Leone,SLE,2006,12806.908
Sierra Leone,SLE,2007,13786.946
Sierra Leone,SLE,2008,14736.805
Sierra Leone,SLE,2009,15744.68
Sierra Leone,SLE,2010,36091.742
Sierra Leone,SLE,2011,57485.258
Sierra Leone,SLE,2012,163777
Sierra Leone,SLE,2013,268562.03
Sierra Leone,SLE,2014,416523.28
Sierra Leone,SLE,2015,446496.97
Sierra Leone,SLE,2016,553376.44
Sierra Leone,SLE,2017,686060.8
Sierra Leone,SLE,2018,1089541.8
Sierra Leone,SLE,2019,1214981.9
Sierra Leone,SLE,2020,1354693.1
Sierra Leone,SLE,2021,1509958.9
Sierra Leone,SLE,2022,1780242
Sierra Leone,SLE,2023,2006292
Sierra Leone,SLE,2024,2169579.5
Singapore,SGP,1990,0
Singapore,SGP,1991,5078.8345
Singapore,SGP,1992,15216.588
Singapore,SGP,1993,25281.783
Singapore,SGP,1994,40686.67
Singapore,SGP,1995,101153.32
Singapore,SGP,1996,306503.8
Singapore,SGP,1997,512465.16
Singapore,SGP,1998,769733.8
Singapore,SGP,1999,958011
Singapore,SGP,2000,1450039.4
Singapore,SGP,2001,1724327.2
Singapore,SGP,2002,1962696.5
Singapore,SGP,2003,2215337.8
Singapore,SGP,2004,2583331.8
Singapore,SGP,2005,2602115
Singapore,SGP,2006,2596805.2
Singapore,SGP,2007,3207430.8
Singapore,SGP,2008,3339183.2
Singapore,SGP,2009,3441425.2
Singapore,SGP,2010,3604479.5
Singapore,SGP,2011,3680418.2
Singapore,SGP,2012,3824954.8
Singapore,SGP,2013,4368035.5
Singapore,SGP,2014,4322681
Singapore,SGP,2015,4373368.5
Singapore,SGP,2016,4735478
Singapore,SGP,2017,4739675
Singapore,SGP,2018,4971374.5
Singapore,SGP,2019,5073282
Singapore,SGP,2020,5231189.5
Singapore,SGP,2021,5285851.5
Singapore,SGP,2022,5408940.5
Singapore,SGP,2023,5579465.5
Singapore,SGP,2024,5697442
Slovakia,SVK,1990,0
Slovakia,SVK,1993,6816.3906
Slovakia,SVK,1994,17054.797
Slovakia,SVK,1995,28043.256
Slovakia,SVK,1996,42073.414
Slovakia,SVK,1997,62984.504
Slovakia,SVK,1998,145004.89
Slovakia,SVK,1999,293543.5
Slovakia,SVK,2000,507984.06
Slovakia,SVK,2001,673881.8
Slovakia,SVK,2002,2158292.5
Slovakia,SVK,2003,2312700.2
Slovakia,SVK,2004,2841398.8
Slovakia,SVK,2005,2965252
Slovakia,SVK,2006,3013208.8
Slovakia,SVK,2007,3321516.2
Slovakia,SVK,2008,3552983.8
Slovakia,SVK,2009,3770484.2
Slovakia,SVK,2010,4081850
Slovakia,SVK,2011,4018556.8
Slovakia,SVK,2012,4148153.5
Slovakia,SVK,2013,4216091
Slovakia,SVK,2014,4334068.5
Slovakia,SVK,2015,4210750.5
Slovakia,SVK,2016,4370481.5
Slovakia,SVK,2017,4439809
Slovakia,SVK,2018,4381868.5
Slovakia,SVK,2019,4518960.5
Slovakia,SVK,2020,4908627
Slovakia,SVK,2021,4843997.5
Slovakia,SVK,2022,4837935
Slovakia,SVK,2023,4732830
Slovakia,SVK,2024,4870377.5
Slovenia,SVN,1990,0
Slovenia,SVN,1993,8166.1587
Slovenia,SVN,1994,21287.041
Slovenia,SVN,1995,57706.29
Slovenia,SVN,1996,100823.445
Slovenia,SVN,1997,150734.06
Slovenia,SVN,1998,200144.53
Slovenia,SVN,1999,249863.67
Slovenia,SVN,2000,300531.75
Slovenia,SVN,2001,601122.25
Slovenia,SVN,2002,555254.94
Slovenia,SVN,2003,635736.6
Slovenia,SVN,2004,814980.6
Slovenia,SVN,2005,936421.9
Slovenia,SVN,2006,1083909.4
Slovenia,SVN,2007,1145082.5
Slovenia,SVN,2008,1172363.2
Slovenia,SVN,2009,1305388.1
Slovenia,SVN,2010,1434008.1
Slovenia,SVN,2011,1382384.5
Slovenia,SVN,2012,1406067.6
Slovenia,SVN,2013,1497083.1
Slovenia,SVN,2014,1476094.1
Slovenia,SVN,2015,1508413.6
Slovenia,SVN,2016,1559075.8
Slovenia,SVN,2017,1630079
Slovenia,SVN,2018,1653930
Slovenia,SVN,2019,1735622.5
Slovenia,SVN,2020,1820722.2
Slovenia,SVN,2021,1876274.6
Slovenia,SVN,2022,1877899.1
Slovenia,SVN,2023,1916429.1
Slovenia,SVN,2024,1930903.9
Solomon Islands,SLB,1990,0
Solomon Islands,SLB,1995,95.798515
Solomon Islands,SLB,1996,1065.2642
Solomon Islands,SLB,1997,1597.2981
Solomon Islands,SLB,1998,2128.8806
Solomon Islands,SLB,1999,2130.975
Solomon Islands,SLB,2000,2119.9631
Solomon Islands,SLB,2001,2104.384
Solomon Islands,SLB,2002,2297.1416
Solomon Islands,SLB,2003,2589.9976
Solomon Islands,SLB,2004,3083.4182
Solomon Islands,SLB,2005,4078.6443
Solomon Islands,SLB,2006,8093.1123
Solomon Islands,SLB,2007,10003.12
Solomon Islands,SLB,2008,15263.699
Solomon Islands,SLB,2009,20725.639
Solomon Islands,SLB,2010,26648.4
Solomon Islands,SLB,2011,33176.7
Solomon Islands,SLB,2012,40137.504
Solomon Islands,SLB,2013,47595.598
Solomon Islands,SLB,2014,55521.723
Solomon Islands,SLB,2015,63944.7
Solomon Islands,SLB,2016,72867.65
Solomon Islands,SLB,2017,103868.336
Solomon Islands,SLB,2018,147914.2
Solomon Islands,SLB,2019,163751.52
Solomon Islands,SLB,2020,180156.61
Solomon Islands,SLB,2021,198562.69
Solomon Islands,SLB,2022,218833.61
Solomon Islands,SLB,2023,229380.64
Solomon Islands,SLB,2024,237900.83
Somalia,SOM,1990,0
Somalia,SOM,1995,0
Somalia,SOM,1996,114.072556
Somalia,SOM,1997,230.8235
Somalia,SOM,1998,583.92786
Somalia,SOM,1999,1180.3961
Somalia,SOM,2000,1767.7426
Somalia,SOM,2001,7270.4136
Somalia,SOM,2002,11041.2295
Somalia,SOM,2003,37278.05
Somalia,SOM,2004,108305.66
Somalia,SOM,2005,114670.26
Somalia,SOM,2006,120752.48
Somalia,SOM,2007,127062.016
Somalia,SOM,2008,133274.05
Somalia,SOM,2009,138821.69
Somalia,SOM,2011,154360.38
Somalia,SOM,2012,171552.8
Somalia,SOM,2013,193043.9
Somalia,SOM,2014,217433.7
Somalia,SOM,2015,243002.55
Somalia,SOM,2016,269756.3
Somalia,SOM,2019,437869.94
Somalia,SOM,2020,2501625
Somalia,SOM,2021,4123519.5
Somalia,SOM,2022,4913323.5
Somalia,SOM,2023,4795288.5
Somalia,SOM,2024,5311195
South Africa,ZAF,1990,0
South Africa,ZAF,1991,5544.49
South Africa,ZAF,1992,16510.525
South Africa,ZAF,1993,49358.754
South Africa,ZAF,1994,108690.22
South Africa,ZAF,1995,301546.3
South Africa,ZAF,1996,379935.8
South Africa,ZAF,1997,744369.5
South Africa,ZAF,1998,1345115
South Africa,ZAF,1999,1925289.6
South Africa,ZAF,2000,2522365.8
South Africa,ZAF,2001,3018883.8
South Africa,ZAF,2002,3222257.5
South Africa,ZAF,2003,3398755
South Africa,ZAF,2004,4127585.5
South Africa,ZAF,2005,3706082.2
South Africa,ZAF,2006,3803438.8
South Africa,ZAF,2007,4075320.2
South Africa,ZAF,2008,4308961
South Africa,ZAF,2009,5172851.5
South Africa,ZAF,2010,12562572
South Africa,ZAF,2011,18002472
South Africa,ZAF,2012,22050852
South Africa,ZAF,2013,25425638
South Africa,ZAF,2014,27241472
South Africa,ZAF,2015,29450352
South Africa,ZAF,2016,30920158
South Africa,ZAF,2017,32372172
South Africa,ZAF,2018,36574510
South Africa,ZAF,2019,41530908
South Africa,ZAF,2020,43673228
South Africa,ZAF,2021,46107640
South Africa,ZAF,2022,48838052
South Africa,ZAF,2023,49518496
South Africa,ZAF,2024,50154492
South Asia (WB),WB_SA,2005,28284614
South Asia (WB),WB_SA,2006,35546868
South Asia (WB),WB_SA,2007,51317132
South Asia (WB),WB_SA,2008,57647932
South Asia (WB),WB_SA,2009,69843144
South Asia (WB),WB_SA,2010,102592664
South Asia (WB),WB_SA,2011,137651020
South Asia (WB),WB_SA,2012,154289500
South Asia (WB),WB_SA,2013,175694450
South Asia (WB),WB_SA,2014,197579090
South Asia (WB),WB_SA,2015,225993400
South Asia (WB),WB_SA,2016,259703700
South Asia (WB),WB_SA,2017,295633820
South Asia (WB),WB_SA,2018,332135420
South Asia (WB),WB_SA,2019,476807680
South Asia (WB),WB_SA,2020,688956200
South Asia (WB),WB_SA,2021,784696960
South Asia (WB),WB_SA,2022,893221200
South Asia (WB),WB_SA,2023,969284500
South Asia (WB),WB_SA,2024,1053397500
South Asia (WB),WB_SA,2025,1147347600
South Korea,KOR,1990,9988.543
South Korea,KOR,1991,19959.32
South Korea,KOR,1992,43047.992
South Korea,KOR,1993,110486.57
South Korea,KOR,1994,138835.19
South Korea,KOR,1995,369762.53
South Korea,KOR,1996,737499.9
South Korea,KOR,1997,1654328.8
South Korea,KOR,1998,3138225
South Korea,KOR,1999,11001536
South Korea,KOR,2000,21012626
South Korea,KOR,2001,26811512
South Korea,KOR,2002,28300976
South Korea,KOR,2003,31369474
South Korea,KOR,2004,34955990
South Korea,KOR,2005,35415652
South Korea,KOR,2006,37830304
South Korea,KOR,2007,38362708
South Korea,KOR,2008,39734310
South Korea,KOR,2009,40235190
South Korea,KOR,2010,41476788
South Korea,KOR,2011,41826490
South Korea,KOR,2012,42203016
South Korea,KOR,2013,42748570
South Korea,KOR,2014,44432160
South Korea,KOR,2015,45860530
South Korea,KOR,2016,47552160
South Korea,KOR,2017,48829470
South Korea,KOR,2018,49533450
South Korea,KOR,2019,49775796
South Korea,KOR,2020,50024590
South Korea,KOR,2021,50512224
South Korea,KOR,2022,50209492
South Korea,KOR,2023,50376350
South Korea,KOR,2024,50662036
South Sudan,SSD,2012,161343.6
South Sudan,SSD,2013,245658.05
South Sudan,SSD,2014,292111.88
South Sudan,SSD,2015,333226.8
South Sudan,SSD,2016,379053.56
South Sudan,SSD,2017,420625.28
South Sudan,SSD,2018,485902.9
South Sudan,SSD,2019,695344
Spain,ESP,1990,5013.885
Spain,ESP,1991,10014.357
Spain,ESP,1992,30073.104
Spain,ESP,1993,50382.418
Spain,ESP,1994,110737.5
Spain,ESP,1995,151348.64
Spain,ESP,1996,530535.06
Spain,ESP,1997,1121606.9
Spain,ESP,1998,1753745
Spain,ESP,1999,2863429.5
Spain,ESP,2000,5527355.5
Spain,ESP,2001,7413828
Spain,ESP,2002,8447894
Spain,ESP,2003,16845528
Spain,ESP,2004,18889926
Spain,ESP,2005,20901130
Spain,ESP,2006,22362930
Spain,ESP,2007,24924492
Spain,ESP,2008,27388646
Spain,ESP,2009,28930478
Spain,ESP,2010,30647600
Spain,ESP,2011,31359674
Spain,ESP,2012,32652268
Spain,ESP,2013,33384918
Spain,ESP,2014,35396900
Spain,ESP,2015,36529536
Spain,ESP,2016,37427296
Spain,ESP,2017,39400308
Spain,ESP,2018,40282696
Spain,ESP,2019,42745276
Spain,ESP,2020,44141660
Spain,ESP,2021,44548572
Spain,ESP,2022,45150960
Spain,ESP,2023,46150384
Spain,ESP,2024,46776404
Sri Lanka,LKA,1990,0
Sri Lanka,LKA,1994,478.5389
Sri Lanka,LKA,1995,962.5109
Sri Lanka,LKA,1996,9758.234
Sri Lanka,LKA,1997,29562.084
Sri Lanka,LKA,1998,55044.168
Sri Lanka,LKA,1999,65927.664
Sri Lanka,LKA,2000,124905.17
Sri Lanka,LKA,2001,155591.95
Sri Lanka,LKA,2002,208044.12
Sri Lanka,LKA,2003,291008.94
Sri Lanka,LKA,2004,290498.9
Sri Lanka,LKA,2005,362280.12
Sri Lanka,LKA,2006,516455.9
Sri Lanka,LKA,2007,795110.75
Sri Lanka,LKA,2008,995264.4
Sri Lanka,LKA,2009,1218091.4
Sri Lanka,LKA,2010,1443246.1
Sri Lanka,LKA,2011,1671563.9
Sri Lanka,LKA,2012,1905335.9
Sri Lanka,LKA,2013,2067639.9
Sri Lanka,LKA,2014,2181690.5
Sri Lanka,LKA,2015,3200546.2
Sri Lanka,LKA,2016,4706277
Sri Lanka,LKA,2017,5379447.5
Sri Lanka,LKA,2018,6140454.5
Sri Lanka,LKA,2019,6981517
Sri Lanka,LKA,2020,7931332
Sri Lanka,LKA,2021,9849026
Sri Lanka,LKA,2022,10713423
Sri Lanka,LKA,2023,11282945
Sri Lanka,LKA,2024,11963944
Sub-Saharan Africa (WB),WB_SSA,2005,15584672
Sub-Saharan Africa (WB),WB_SSA,2006,20821536
Sub-Saharan Africa (WB),WB_SSA,2007,25516874
Sub-Saharan Africa (WB),WB_SSA,2008,30464070
Sub-Saharan Africa (WB),WB_SSA,2009,37406836
Sub-Saharan Africa (WB),WB_SSA,2010,53655590
Sub-Saharan Africa (WB),WB_SSA,2011,68933420
Sub-Saharan Africa (WB),WB_SSA,2012,86896140
Sub-Saharan Africa (WB),WB_SSA,2013,108723580
Sub-Saharan Africa (WB),WB_SSA,2014,133655120
Sub-Saharan Africa (WB),WB_SSA,2015,165994830
Sub-Saharan Africa (WB),WB_SSA,2016,192546510
Sub-Saharan Africa (WB),WB_SSA,2017,216041780
Sub-Saharan Africa (WB),WB_SSA,2018,244023220
Sub-Saharan Africa (WB),WB_SSA,2019,277787300
Sub-Saharan Africa (WB),WB_SSA,2020,311891740
Sub-Saharan Africa (WB),WB_SSA,2021,347440220
Sub-Saharan Africa (WB),WB_SSA,2022,381966270
Sub-Saharan Africa (WB),WB_SSA,2023,406595420
Sub-Saharan Africa (WB),WB_SSA,2024,433418600
Sub-Saharan Africa (WB),WB_SSA,2025,471830560
Sudan,SDN,1990,0
Sudan,SDN,1994,0
Sudan,SDN,1995,0
Sudan,SDN,1996,0
Sudan,SDN,1997,317.33783
Sudan,SDN,1998,1272.6779
Sudan,SDN,1999,2384.7808
Sudan,SDN,2000,7172.557
Sudan,SDN,2001,39976.297
Sudan,SDN,2002,128453.73
Sudan,SDN,2003,160981.69
Sudan,SDN,2004,241874.61
Sudan,SDN,2007,2837374
Sudan,SDN,2015,4802931.5
Sudan,SDN,2016,5817645
Sudan,SDN,2017,7944861
Suriname,SUR,1990,0
Suriname,SUR,1995,494.0469
Suriname,SUR,1996,991.7558
Suriname,SUR,1997,4480.67
Suriname,SUR,1998,7638.68
Suriname,SUR,1999,8824.712
Suriname,SUR,2000,11946.633
Suriname,SUR,2001,14910.38
Suriname,SUR,2002,20664.31
Suriname,SUR,2003,23902.11
Suriname,SUR,2004,31226.207
Suriname,SUR,2005,33252.06
Suriname,SUR,2006,49872.617
Suriname,SUR,2007,74926.35
Suriname,SUR,2008,113143.79
Suriname,SUR,2009,170462.92
Suriname,SUR,2010,173720.67
Suriname,SUR,2011,178006.08
Suriname,SUR,2012,195127.86
Suriname,SUR,2013,212813.48
Suriname,SUR,2014,230609.52
Suriname,SUR,2015,248725.83
Suriname,SUR,2016,266841.7
Suriname,SUR,2017,290594.03
Suriname,SUR,2018,330344.25
Suriname,SUR,2019,375779.1
Suriname,SUR,2023,549646.4
Sweden,SWE,1990,49983.594
Sweden,SWE,1991,99961.55
Sweden,SWE,1992,130021
Sweden,SWE,1993,149959.25
Sweden,SWE,1994,299423.4
Sweden,SWE,1995,450173.88
Sweden,SWE,1996,799226.25
Sweden,SWE,1997,2096516.8
Sweden,SWE,1998,2965076.2
Sweden,SWE,1999,3667160
Sweden,SWE,2000,4053458.2
Sweden,SWE,2001,4605052.5
Sweden,SWE,2002,6298342.5
Sweden,SWE,2003,7088646.5
Sweden,SWE,2004,7544673
Sweden,SWE,2005,7659786.5
Sweden,SWE,2006,7969051.5
Sweden,SWE,2007,7502350.5
Sweden,SWE,2008,8297673
Sweden,SWE,2009,8461649
Sweden,SWE,2010,8440313
Sweden,SWE,2011,8766034
Sweden,SWE,2012,8870151
Sweden,SWE,2013,9099585
Sweden,SWE,2014,8971190
Sweden,SWE,2015,8879062
Sweden,SWE,2016,8896140
Sweden,SWE,2017,9354289
Sweden,SWE,2018,9081070
Sweden,SWE,2019,9712875
Sweden,SWE,2020,9788085
Sweden,SWE,2021,9860682
Sweden,SWE,2022,9963611
Sweden,SWE,2023,10083902
Sweden,SWE,2024,10097170
Sweden,SWE,2025,10147990
Switzerland,CHE,1990,40024.496
Switzerland,CHE,1991,80239.734
Switzerland,CHE,1992,120318.87
Switzerland,CHE,1993,150560.36
Switzerland,CHE,1994,190231.22
Switzerland,CHE,1995,249944.39
Switzerland,CHE,1996,321769.2
Switzerland,CHE,1997,1070424.9
Switzerland,CHE,1998,1763280.2
Switzerland,CHE,1999,2428957
Switzerland,CHE,2000,3383781.8
Switzerland,CHE,2001,3983649.5
Switzerland,CHE,2002,4472838.5
Switzerland,CHE,2003,4777689.5
Switzerland,CHE,2004,5010166
Switzerland,CHE,2005,5213417.5
Switzerland,CHE,2006,5665338
Switzerland,CHE,2007,5829462
Switzerland,CHE,2008,6056958.5
Switzerland,CHE,2009,6295735
Switzerland,CHE,2010,6565098.5
Switzerland,CHE,2011,6740812
Switzerland,CHE,2012,6813325.5
Switzerland,CHE,2013,6984341
Switzerland,CHE,2014,6847123
Switzerland,CHE,2015,7245361.5
Switzerland,CHE,2016,7463548.5
Switzerland,CHE,2017,7580130
Switzerland,CHE,2018,7816154.5
Switzerland,CHE,2019,7987537.5
Switzerland,CHE,2020,8150110.5
Switzerland,CHE,2021,8318880
Switzerland,CHE,2022,8465747
Switzerland,CHE,2023,8652768
Switzerland,CHE,2024,8766430
Switzerland,CHE,2025,8848853
Syria,SYR,1990,0
Syria,SYR,1991,0
Syria,SYR,1992,0
Syria,SYR,1993,0
Syria,SYR,1994,0
Syria,SYR,1995,0
Syria,SYR,1996,0
Syria,SYR,1997,5026.1187
Syria,SYR,1998,10077.603
Syria,SYR,1999,20122.795
Syria,SYR,2000,30230.807
Syria,SYR,2001,60320.664
Syria,SYR,2002,365629.84
Syria,SYR,2003,607873.4
Syria,SYR,2004,792445.25
Syria,SYR,2005,1062638.6
Syria,SYR,2006,1538089.4
Syria,SYR,2007,2401674.5
Syria,SYR,2008,3029119
Syria,SYR,2009,3802015.5
Syria,SYR,2010,4653861
Syria,SYR,2011,5147572
Syria,SYR,2012,5530645
Syria,SYR,2013,5676732
Syria,SYR,2014,5694871
Syria,SYR,2015,5823461.5
Syria,SYR,2016,6116998
Syria,SYR,2017,6286467
Syria,SYR,2018,6611438.5
Tajikistan,TJK,1990,0
Tajikistan,TJK,1999,2036.3453
Tajikistan,TJK,2000,3054.3557
Tajikistan,TJK,2001,3284.366
Tajikistan,TJK,2002,3622.6482
Tajikistan,TJK,2003,4300.3594
Tajikistan,TJK,2004,5261.3096
Tajikistan,TJK,2005,20683.447
Tajikistan,TJK,2006,266240.06
Tajikistan,TJK,2007,517831.06
Tajikistan,TJK,2008,644311.75
Tajikistan,TJK,2009,754266.1
Tajikistan,TJK,2010,883822.3
Tajikistan,TJK,2011,1019569.5
Tajikistan,TJK,2012,1162843.6
Tajikistan,TJK,2013,1314675.8
Tajikistan,TJK,2014,1473629
Tajikistan,TJK,2015,1640600.8
Tajikistan,TJK,2016,1814794.6
Tajikistan,TJK,2017,1995273.6
Tajikistan,TJK,2018,3034190.2
Tajikistan,TJK,2019,2161996.8
Tajikistan,TJK,2020,2685359.5
Tajikistan,TJK,2021,3658413.5
Tajikistan,TJK,2022,4980562.5
Tajikistan,TJK,2023,5653661
Tajikistan,TJK,2024,5909038
Tanzania,TZA,1990,0
Tanzania,TZA,1996,501.32132
Tanzania,TZA,1997,2494.669
Tanzania,TZA,1998,2995.6501
Tanzania,TZA,1999,25008.547
Tanzania,TZA,2000,40150.977
Tanzania,TZA,2001,60294.81
Tanzania,TZA,2002,80364.27
Tanzania,TZA,2003,251082.52
Tanzania,TZA,2004,334440.94
Tanzania,TZA,2005,431002.84
Tanzania,TZA,2006,523833.7
Tanzania,TZA,2007,662968.25
Tanzania,TZA,2008,808843.8
Tanzania,TZA,2009,1047215.56
Tanzania,TZA,2010,1297996.2
Tanzania,TZA,2011,1472939.9
Tanzania,TZA,2012,1871283.4
Tanzania,TZA,2013,2148261.5
Tanzania,TZA,2014,3524605.8
Tanzania,TZA,2015,5202096.5
Tanzania,TZA,2016,7268520
Tanzania,TZA,2017,8049299.5
Tanzania,TZA,2018,8897416
Tanzania,TZA,2019,9817647
Tanzania,TZA,2020,11878354
Tanzania,TZA,2021,14372708
Tanzania,TZA,2022,17381984
Tanzania,TZA,2023,18940652
Tanzania,TZA,2024,21364786
Thailand,THA,1990,0
Thailand,THA,1991,29.04274
Thailand,THA,1992,194.45918
Thailand,THA,1993,7807.515
Thailand,THA,1994,22488.691
Thailand,THA,1995,44205.477
Thailand,THA,1996,68908.08
Thailand,THA,1997,219215.75
Thailand,THA,1998,670596.7
Thailand,THA,1999,1513866.9
Thailand,THA,2000,2324384.2
Thailand,THA,2001,3536665
Thailand,THA,2002,4840066
Thailand,THA,2003,6032108.5
Thailand,THA,2004,6988513.5
Thailand,THA,2005,9919781
Thailand,THA,2006,11423491
Thailand,THA,2007,13440610
Thailand,THA,2008,12306810
Thailand,THA,2009,13692337
Thailand,THA,2010,15361796
Thailand,THA,2011,16333955
Thailand,THA,2012,18372790
Thailand,THA,2013,20213176
Thailand,THA,2014,24495722
Thailand,THA,2015,27733908
Thailand,THA,2016,33661944
Thailand,THA,2017,37637996
Thailand,THA,2018,40554092
Thailand,THA,2019,47671324
Thailand,THA,2020,55768412
Thailand,THA,2021,61161588
Thailand,THA,2022,63110764
Thailand,THA,2023,64198956
Thailand,THA,2024,65122704
Togo,TGO,1990,0
Togo,TGO,1991,0
Togo,TGO,1992,0
Togo,TGO,1993,0
Togo,TGO,1994,0
Togo,TGO,1995,0
Togo,TGO,1996,467.73383
Togo,TGO,1997,9365.855
Togo,TGO,1998,13928.003
Togo,TGO,1999,27527.947
Togo,TGO,2000,38269.777
Togo,TGO,2001,44137.293
Togo,TGO,2002,50271.3
Togo,TGO,2003,61849.344
Togo,TGO,2004,79219.8
Togo,TGO,2005,97436.766
Togo,TGO,2006,111393.28
Togo,TGO,2007,126465.74
Togo,TGO,2008,142467.31
Togo,TGO,2009,159404.6
Togo,TGO,2010,189773.64
Togo,TGO,2011,227520.38
Togo,TGO,2012,266148.72
Togo,TGO,2013,305948.2
Togo,TGO,2014,395445.7
Togo,TGO,2015,503490.94
Togo,TGO,2016,814420.06
Togo,TGO,2017,905310.56
Togo,TGO,2018,1156022
Togo,TGO,2019,1579404.8
Togo,TGO,2020,2260381.5
Togo,TGO,2021,2407708.8
Togo,TGO,2022,2873032.2
Togo,TGO,2023,3089717
Togo,TGO,2024,3319178.2
Tonga,TON,1990,0
Tonga,TON,1995,123.27676
Tonga,TON,1996,164.451
Tonga,TON,1997,514.4441
Tonga,TON,1998,775.6182
Tonga,TON,1999,1040.8691
Tonga,TON,2000,2499.5667
Tonga,TON,2001,2918.27
Tonga,TON,2002,3019.926
Tonga,TON,2003,3119.1042
Tonga,TON,2004,4152.799
Tonga,TON,2005,5186.1216
Tonga,TON,2006,6219.9443
Tonga,TON,2007,7662.8203
Tonga,TON,2008,8680.146
Tonga,TON,2009,10720.3
Tonga,TON,2010,17184
Tonga,TON,2011,26892.5
Tonga,TON,2012,32238.002
Tonga,TON,2013,35072.33
Tonga,TON,2014,38330.625
Tonga,TON,2015,41007.098
Tonga,TON,2016,42156.84
Tonga,TON,2017,48675.316
Tonga,TON,2018,51525.035
Tonga,TON,2019,54486.105
Tonga,TON,2020,57580.883
Tonga,TON,2021,60708.44
Tonga,TON,2022,64713.64
Tonga,TON,2023,67079.52
Tonga,TON,2024,70257.39
Trinidad and Tobago,TTO,1990,0
Trinidad and Tobago,TTO,1995,2046.3671
Trinidad and Tobago,TTO,1996,5112.647
Trinidad and Tobago,TTO,1997,15278.281
Trinidad and Tobago,TTO,1998,35638.12
Trinidad and Tobago,TTO,1999,76384.53
Trinidad and Tobago,TTO,2000,101905.18
Trinidad and Tobago,TTO,2001,203933.55
Trinidad and Tobago,TTO,2002,293024.78
Trinidad and Tobago,TTO,2003,347686.34
Trinidad and Tobago,TTO,2004,363579.16
Trinidad and Tobago,TTO,2005,375101.62
Trinidad and Tobago,TTO,2006,389431.22
Trinidad and Tobago,TTO,2007,420929.72
Trinidad and Tobago,TTO,2008,455388.25
Trinidad and Tobago,TTO,2009,580376.94
Trinidad and Tobago,TTO,2010,639091.3
Trinidad and Tobago,TTO,2011,733066.5
Trinidad and Tobago,TTO,2012,767736.56
Trinidad and Tobago,TTO,2013,802993.7
Trinidad and Tobago,TTO,2014,839494.06
Trinidad and Tobago,TTO,2015,878633.2
Trinidad and Tobago,TTO,2016,917940.9
Trinidad and Tobago,TTO,2017,957782.9
Trinidad and Tobago,TTO,2018,988952.94
Trinidad and Tobago,TTO,2019,1022807.4
Trinidad and Tobago,TTO,2020,1056222.9
Trinidad and Tobago,TTO,2021,1153750.8
Trinidad and Tobago,TTO,2022,1115829.9
Trinidad and Tobago,TTO,2023,1120922
Trinidad and Tobago,TTO,2024,1124221
Tunisia,TUN,1990,0
Tunisia,TUN,1994,665.56146
Tunisia,TUN,1995,1026.0608
Tunisia,TUN,1996,2565.2632
Tunisia,TUN,1997,4117.0947
Tunisia,TUN,1998,10305.001
Tunisia,TUN,1999,154495.42
Tunisia,TUN,2000,268608
Tunisia,TUN,2001,424195.38
Tunisia,TUN,2002,523792.44
Tunisia,TUN,2003,653734.1
Tunisia,TUN,2004,867053.56
Tunisia,TUN,2005,990176.06
Tunisia,TUN,2006,1343626.1
Tunisia,TUN,2007,1785531.1
Tunisia,TUN,2008,2902387.2
Tunisia,TUN,2009,3628687
Tunisia,TUN,2010,3961880.8
Tunisia,TUN,2011,4256439.5
Tunisia,TUN,2012,4562574
Tunisia,TUN,2013,4879916
Tunisia,TUN,2014,5204211.5
Tunisia,TUN,2015,5302052.5
Tunisia,TUN,2016,5718221.5
Tunisia,TUN,2017,6466044.5
Tunisia,TUN,2018,7552379
Tunisia,TUN,2019,7920679
Tunisia,TUN,2020,8208982
Tunisia,TUN,2021,8231079
Tunisia,TUN,2024,9391988
Turkey,TUR,1990,0
Turkey,TUR,1993,4991.3296
Turkey,TUR,1994,29956.885
Turkey,TUR,1995,49857.02
Turkey,TUR,1996,119565.69
Turkey,TUR,1997,297923.06
Turkey,TUR,1998,445503.34
Turkey,TUR,1999,1479155
Turkey,TUR,2000,2461118.8
Turkey,TUR,2001,3437778.5
Turkey,TUR,2002,7630153
Turkey,TUR,2003,8363652.5
Turkey,TUR,2004,10000803
Turkey,TUR,2005,10718349
Turkey,TUR,2006,12776272
Turkey,TUR,2007,20086268
Turkey,TUR,2008,24420462
Turkey,TUR,2009,26222272
Turkey,TUR,2010,29125204
Turkey,TUR,2011,31964934
Turkey,TUR,2012,33926852
Turkey,TUR,2013,35218276
Turkey,TUR,2014,39391600
Turkey,TUR,2015,42038504
Turkey,TUR,2016,46256892
Turkey,TUR,2017,51949960
Turkey,TUR,2018,57833930
Turkey,TUR,2019,61089544
Turkey,TUR,2020,64764516
Turkey,TUR,2021,68503016
Turkey,TUR,2022,70904830
Turkey,TUR,2023,73346830
Turkey,TUR,2024,74664530
Turkey,TUR,2025,77093384
Turkmenistan,TKM,1990,0
Turkmenistan,TKM,1999,2021.4766
Turkmenistan,TKM,2000,6107.8916
Turkmenistan,TKM,2001,8191.7617
Turkmenistan,TKM,2002,14410.08
Turkmenistan,TKM,2003,20680.31
Turkmenistan,TKM,2004,37386.7
Turkmenistan,TKM,2005,50386.164
Turkmenistan,TKM,2006,67919.82
Turkmenistan,TKM,2007,73750.2
Turkmenistan,TKM,2008,93538.01
Turkmenistan,TKM,2009,106306.05
Turkmenistan,TKM,2010,166930.67
Turkmenistan,TKM,2011,284170.84
Turkmenistan,TKM,2012,417971.34
Turkmenistan,TKM,2013,570176.75
Turkmenistan,TKM,2014,741184.56
Turkmenistan,TKM,2015,932166.56
Turkmenistan,TKM,2016,1144190.4
Turks and Caicos Islands,TCA,1990,0
Tuvalu,TUV,1990,0
Tuvalu,TUV,2000,500.2621
Tuvalu,TUV,2001,546.402
Tuvalu,TUV,2002,606.249
Tuvalu,TUV,2003,668.95496
Tuvalu,TUV,2004,746.016
Tuvalu,TUV,2005,825.02
Tuvalu,TUV,2006,915.09607
Tuvalu,TUV,2007,1018.2
Tuvalu,TUV,2008,1155.9519
Tuvalu,TUV,2009,1339.008
Tuvalu,TUV,2010,1549.6439
Tuvalu,TUV,2011,1778.7001
Tuvalu,TUV,2012,2044.6581
Tuvalu,TUV,2013,2332.2122
Tuvalu,TUV,2014,2647.144
Tuvalu,TUV,2015,2992.899
Tuvalu,TUV,2016,3388.3
Tuvalu,TUV,2017,3825.888
Uganda,UGA,1990,0
Uganda,UGA,1995,591.0381
Uganda,UGA,1996,983.02075
Uganda,UGA,1997,2251.1726
Uganda,UGA,1998,14702.822
Uganda,UGA,1999,24652.719
Uganda,UGA,2000,39291.62
Uganda,UGA,2001,58881.117
Uganda,UGA,2002,98070.09
Uganda,UGA,2003,122497.805
Uganda,UGA,2004,195504.55
Uganda,UGA,2005,487176.4
Uganda,UGA,2006,728315.5
Uganda,UGA,2007,1088863.6
Uganda,UGA,2008,1184934.8
Uganda,UGA,2009,1289497.1
Uganda,UGA,2010,1392804.5
Uganda,UGA,2011,1534309
Uganda,UGA,2012,1648197
Uganda,UGA,2013,1802189.1
Uganda,UGA,2014,1965359.1
Uganda,UGA,2015,2139292.2
Uganda,UGA,2016,2289150
Uganda,UGA,2017,2980318.5
Uganda,UGA,2018,3876554
Uganda,UGA,2019,5042051.5
Uganda,UGA,2020,3289829.2
Uganda,UGA,2021,4591093
Uganda,UGA,2022,4559479.5
Uganda,UGA,2023,4518738.5
Uganda,UGA,2024,4476266.5
Ukraine,UKR,1990,0
Ukraine,UKR,1993,406.76047
Ukraine,UKR,1994,7082.336
Ukraine,UKR,1995,22267.848
Ukraine,UKR,1996,50508.945
Ukraine,UKR,1997,101065.9
Ukraine,UKR,1998,151643
Ukraine,UKR,1999,202404.61
Ukraine,UKR,2000,354916.78
Ukraine,UKR,2001,608315.8
Ukraine,UKR,2002,912156.3
Ukraine,UKR,2003,1521022.2
Ukraine,UKR,2004,1674234.2
Ukraine,UKR,2005,1784363.2
Ukraine,UKR,2006,2130436.8
Ukraine,UKR,2007,3082613.2
Ukraine,UKR,2008,5150109
Ukraine,UKR,2009,8345647.5
Ukraine,UKR,2010,10824248
Ukraine,UKR,2011,13294181
Ukraine,UKR,2012,16298287
Ukraine,UKR,2013,18890816
Ukraine,UKR,2014,21255780
Ukraine,UKR,2015,22381782
Ukraine,UKR,2016,24177362
Ukraine,UKR,2017,26757048
Ukraine,UKR,2018,28279598
Ukraine,UKR,2019,31526348
Ukraine,UKR,2020,33526948
Ukraine,UKR,2021,35092628
Ukraine,UKR,2022,33033706
Ukraine,UKR,2023,30782672
Ukraine,UKR,2024,31225180
United Arab Emirates,ARE,1990,0
United Arab Emirates,ARE,1995,2507.702
United Arab Emirates,ARE,1996,9740.865
United Arab Emirates,ARE,1997,92974.53
United Arab Emirates,ARE,1998,210093.1
United Arab Emirates,ARE,1999,486635.3
United Arab Emirates,ARE,2000,825367.6
United Arab Emirates,ARE,2001,978252.44
United Arab Emirates,ARE,2002,1120434.1
United Arab Emirates,ARE,2003,1235850.5
United Arab Emirates,ARE,2004,1334505.1
United Arab Emirates,ARE,2005,1865916
United Arab Emirates,ARE,2006,2604732
United Arab Emirates,ARE,2007,3431027.5
United Arab Emirates,ARE,2008,3970678.2
United Arab Emirates,ARE,2009,4292517
United Arab Emirates,ARE,2010,4671490
United Arab Emirates,ARE,2011,5541539.5
United Arab Emirates,ARE,2012,6282730
United Arab Emirates,ARE,2013,6769867
United Arab Emirates,ARE,2014,7285734.5
United Arab Emirates,ARE,2015,7697239
United Arab Emirates,ARE,2016,8095197
United Arab Emirates,ARE,2017,8745455
United Arab Emirates,ARE,2018,9201828
United Arab Emirates,ARE,2019,9365496
United Arab Emirates,ARE,2020,9401038
United Arab Emirates,ARE,2021,9575152
United Arab Emirates,ARE,2022,10074977
United Arab Emirates,ARE,2023,10483751
United Arab Emirates,ARE,2024,10986400
United Kingdom,GBR,1990,50034.387
United Kingdom,GBR,1991,99919.32
United Kingdom,GBR,1992,150284.86
United Kingdom,GBR,1993,300136.78
United Kingdom,GBR,1994,601803.75
United Kingdom,GBR,1995,1102361.5
United Kingdom,GBR,1996,2396478.2
United Kingdom,GBR,1997,4309623
United Kingdom,GBR,1998,8012738
United Kingdom,GBR,1999,12499365
United Kingdom,GBR,2000,15796005
United Kingdom,GBR,2001,19793914
United Kingdom,GBR,2002,33532448
United Kingdom,GBR,2003,38663556
United Kingdom,GBR,2004,39358068
United Kingdom,GBR,2005,42280844
United Kingdom,GBR,2006,41874780
United Kingdom,GBR,2007,46047036
United Kingdom,GBR,2008,48450504
United Kingdom,GBR,2009,52038050
United Kingdom,GBR,2010,53351412
United Kingdom,GBR,2011,54010372
United Kingdom,GBR,2012,55734380
United Kingdom,GBR,2013,57624210
United Kingdom,GBR,2014,59199600
United Kingdom,GBR,2015,59880236
United Kingdom,GBR,2016,62178612
United Kingdom,GBR,2017,59647652
United Kingdom,GBR,2018,60117012
United Kingdom,GBR,2019,61641980
United Kingdom,GBR,2020,63281664
United Kingdom,GBR,2021,64430492
United Kingdom,GBR,2022,64568910
United Kingdom,GBR,2023,65406144
United Kingdom,GBR,2024,66144024
United States,USA,1990,1959540.8
United States,USA,1991,2934579.5
United States,USA,1992,4412041
United States,USA,1993,5900161.5
United States,USA,1994,12787924
United States,USA,1995,24604088
United States,USA,1996,44180612
United States,USA,1997,58893910
United States,USA,1998,83032056
United States,USA,1999,99896310
United States,USA,2000,121553200
United States,USA,2001,139865140
United States,USA,2002,169081630
United States,USA,2003,178988240
United States,USA,2004,189615600
United States,USA,2005,200857020
United States,USA,2006,205676850
United States,USA,2007,225923410
United States,USA,2008,225029540
United States,USA,2009,217807780
United States,USA,2010,221793260
United States,USA,2011,217443970
United States,USA,2012,234811300
United States,USA,2013,226142560
United States,USA,2014,233058030
United States,USA,2015,239926690
United States,USA,2016,277466180
United States,USA,2017,285047300
United States,USA,2018,290745060
United States,USA,2019,295322240
United States,USA,2020,299563260
United States,USA,2021,303102530
United States,USA,2022,309709760
United States,USA,2023,314952160
United States,USA,2024,321962530
United States Virgin Islands,VIR,1990,0
United States Virgin Islands,VIR,1994,1009.8623
United States Virgin Islands,VIR,1995,3018.9038
United States Virgin Islands,VIR,1996,5026.4175
United States Virgin Islands,VIR,1997,7530.8115
United States Virgin Islands,VIR,1998,10039.673
United States Virgin Islands,VIR,1999,12054.489
United States Virgin Islands,VIR,2000,15008.98
United States Virgin Islands,VIR,2001,19946.71
United States Virgin Islands,VIR,2002,29833.936
United States Virgin Islands,VIR,2003,29761.916
United States Virgin Islands,VIR,2004,29694.746
United States Virgin Islands,VIR,2005,29655.734
United States Virgin Islands,VIR,2006,29620.076
United States Virgin Islands,VIR,2007,29618.617
United States Virgin Islands,VIR,2008,29659.346
United States Virgin Islands,VIR,2009,29698.912
United States Virgin Islands,VIR,2010,33829.055
United States Virgin Islands,VIR,2011,38551.24
United States Virgin Islands,VIR,2012,43867.965
United States Virgin Islands,VIR,2013,48942.57
United States Virgin Islands,VIR,2014,54016.516
United States Virgin Islands,VIR,2015,59068.336
United States Virgin Islands,VIR,2016,64088.477
United States Virgin Islands,VIR,2017,69064.82
Upper-middle-income countries,OWID_UMC,2005,272169120
Upper-middle-income countries,OWID_UMC,2006,336487550
Upper-middle-income countries,OWID_UMC,2007,450574370
Upper-middle-income countries,OWID_UMC,2008,580445100
Upper-middle-income countries,OWID_UMC,2009,712561540
Upper-middle-income countries,OWID_UMC,2010,852379260
Upper-middle-income countries,OWID_UMC,2011,969473300
Upper-middle-income countries,OWID_UMC,2012,1086549600
Upper-middle-income countries,OWID_UMC,2013,1185622300
Upper-middle-income countries,OWID_UMC,2014,1280621800
Upper-middle-income countries,OWID_UMC,2015,1397081500
Upper-middle-income countries,OWID_UMC,2016,1567783400
Upper-middle-income countries,OWID_UMC,2017,1711522600
Upper-middle-income countries,OWID_UMC,2018,1859481200
Upper-middle-income countries,OWID_UMC,2019,2032106600
Upper-middle-income countries,OWID_UMC,2020,2267917800
Upper-middle-income countries,OWID_UMC,2021,2414851300
Upper-middle-income countries,OWID_UMC,2022,2522598700
Upper-middle-income countries,OWID_UMC,2023,2608412200
Upper-middle-income countries,OWID_UMC,2024,2666473500
Upper-middle-income countries,OWID_UMC,2025,2734074000
Uruguay,URY,1990,0
Uruguay,URY,1994,1983.0212
Uruguay,URY,1995,9887.265
Uruguay,URY,1996,59316.996
Uruguay,URY,1997,108304.39
Uruguay,URY,1998,226425.67
Uruguay,URY,1999,324425.3
Uruguay,URY,2000,344227.34
Uruguay,URY,2001,364143.78
Uruguay,URY,2002,374429.22
Uruguay,URY,2003,522927.1
Uruguay,URY,2004,560206.8
Uruguay,URY,2005,660051.94
Uruguay,URY,2006,967114.75
Uruguay,URY,2007,1120352
Uruguay,URY,2008,1297755.6
Uruguay,URY,2009,1383618
Uruguay,URY,2010,1539821.1
Uruguay,URY,2011,1710143.1
Uruguay,URY,2012,1816251.6
Uruguay,URY,2013,1929924.9
Uruguay,URY,2014,2062886.5
Uruguay,URY,2015,2174755
Uruguay,URY,2016,2243844
Uruguay,URY,2017,2382829.5
Uruguay,URY,2018,2740300.2
Uruguay,URY,2019,2831623.2
Uruguay,URY,2020,2905132
Uruguay,URY,2021,2977013
Uruguay,URY,2022,3047516.8
Uruguay,URY,2023,3080643.2
Uruguay,URY,2024,3115359.2
Uzbekistan,UZB,1990,0
Uzbekistan,UZB,1995,350.6391
Uzbekistan,UZB,1996,1001.8
Uzbekistan,UZB,1997,2494.6907
Uzbekistan,UZB,1998,5020.065
Uzbekistan,UZB,1999,7514.135
Uzbekistan,UZB,2000,120055.43
Uzbekistan,UZB,2001,149931.5
Uzbekistan,UZB,2002,274812.47
Uzbekistan,UZB,2003,491752.28
Uzbekistan,UZB,2004,675129.9
Uzbekistan,UZB,2005,881248.06
Uzbekistan,UZB,2006,1705620.8
Uzbekistan,UZB,2007,2028156.9
Uzbekistan,UZB,2008,2496557
Uzbekistan,UZB,2009,3324780
Uzbekistan,UZB,2010,4513295.5
Uzbekistan,UZB,2011,5361114.5
Uzbekistan,UZB,2012,6905809
Uzbekistan,UZB,2013,7966049.5
Uzbekistan,UZB,2014,10729163
Uzbekistan,UZB,2015,13160720
Uzbekistan,UZB,2016,14638457
Uzbekistan,UZB,2017,15495938
Uzbekistan,UZB,2018,17870166
Uzbekistan,UZB,2019,23207150
Uzbekistan,UZB,2020,23879910
Uzbekistan,UZB,2021,26227394
Uzbekistan,UZB,2022,29313782
Uzbekistan,UZB,2023,31735406
Uzbekistan,UZB,2024,32545864
Vanuatu,VUT,1990,0
Vanuatu,VUT,1996,97.07745
Vanuatu,VUT,1997,244.4764
Vanuatu,VUT,1998,488.5776
Vanuatu,VUT,1999,979.4182
Vanuatu,VUT,2000,3927.4312
Vanuatu,VUT,2001,5407.27
Vanuatu,VUT,2002,6874.8667
Vanuatu,VUT,2003,7835.7104
Vanuatu,VUT,2004,9764.283
Vanuatu,VUT,2005,10711.456
Vanuatu,VUT,2006,12632.79
Vanuatu,VUT,2007,15046.769
Vanuatu,VUT,2008,16493.342
Vanuatu,VUT,2009,17454.826
Vanuatu,VUT,2010,19059.84
Vanuatu,VUT,2011,22399.607
Vanuatu,VUT,2012,26376.62
Vanuatu,VUT,2013,28756.467
Vanuatu,VUT,2014,48925.117
Vanuatu,VUT,2015,59477.3
Venezuela,VEN,1990,0
Venezuela,VEN,1992,2514.4946
Venezuela,VEN,1993,8841.88
Venezuela,VEN,1994,12057.48
Venezuela,VEN,1995,27076.46
Venezuela,VEN,1996,56202.04
Venezuela,VEN,1997,90444.89
Venezuela,VEN,1998,325698.44
Venezuela,VEN,1999,683491.2
Venezuela,VEN,2000,823998.7
Venezuela,VEN,2001,1158069.5
Venezuela,VEN,2002,1249005
Venezuela,VEN,2003,1941943.1
Venezuela,VEN,2004,2213807.8
Venezuela,VEN,2005,3362421.2
Venezuela,VEN,2006,4144880
Venezuela,VEN,2007,5759362
Venezuela,VEN,2008,7260296.5
Venezuela,VEN,2009,9299324
Venezuela,VEN,2010,10767456
Venezuela,VEN,2011,11738293
Venezuela,VEN,2012,14496176
Venezuela,VEN,2013,16421797
Venezuela,VEN,2014,17244824
Venezuela,VEN,2015,17732904
Venezuela,VEN,2016,18459432
Venezuela,VEN,2019,14194166
Venezuela,VEN,2020,20605202
Venezuela,VEN,2021,20927674
Venezuela,VEN,2022,21391618
Venezuela,VEN,2023,21602580
Venezuela,VEN,2024,21781058
Vietnam,VNM,1990,0
Vietnam,VNM,1996,98.7612
Vietnam,VNM,1997,2954.2302
Vietnam,VNM,1998,9864.256
Vietnam,VNM,1999,98410.805
Vietnam,VNM,2000,196162.73
Vietnam,VNM,2001,986820.2
Vietnam,VNM,2002,1461224.1
Vietnam,VNM,2003,3007734.2
Vietnam,VNM,2004,6139832.5
Vietnam,VNM,2005,10330594
Vietnam,VNM,2006,14177711
Vietnam,VNM,2007,17358480
Vietnam,VNM,2008,20374048
Vietnam,VNM,2009,22955132
Vietnam,VNM,2010,26805004
Vietnam,VNM,2011,31025836
Vietnam,VNM,2012,32939812
Vietnam,VNM,2013,34870644
Vietnam,VNM,2014,37588628
Vietnam,VNM,2015,41770464
Vietnam,VNM,2016,49820060
Vietnam,VNM,2017,55335892
Vietnam,VNM,2018,67219780
Vietnam,VNM,2019,66721052
Vietnam,VNM,2020,68949670
Vietnam,VNM,2021,73419736
Vietnam,VNM,2022,78339020
Vietnam,VNM,2023,78354990
Vietnam,VNM,2024,84981144
World,OWID_WRL,2005,1025764000
World,OWID_WRL,2006,1145440300
World,OWID_WRL,2007,1362298000
World,OWID_WRL,2008,1557258400
World,OWID_WRL,2009,1749790500
World,OWID_WRL,2010,1988244400
World,OWID_WRL,2011,2189791500
World,OWID_WRL,2012,2389768700
World,OWID_WRL,2013,2564688000
World,OWID_WRL,2014,2750221000
World,OWID_WRL,2015,2968993000
World,OWID_WRL,2016,3282304500
World,OWID_WRL,2017,3525184300
World,OWID_WRL,2018,3801903000
World,OWID_WRL,2019,4191891000
World,OWID_WRL,2020,4720172000
World,OWID_WRL,2021,5052684300
World,OWID_WRL,2022,5352328700
World,OWID_WRL,2023,5579542500
World,OWID_WRL,2024,5796318700
World,OWID_WRL,2025,6046552600
Yemen,YEM,1990,0
Yemen,YEM,1996,107.51483
Yemen,YEM,1997,2681.0903
Yemen,YEM,1998,4297.921
Yemen,YEM,1999,10770.651
Yemen,YEM,2000,16189.991
Yemen,YEM,2001,18365.84
Yemen,YEM,2002,108091.6
Yemen,YEM,2003,129754.04
Yemen,YEM,2004,194707.69
Yemen,YEM,2005,238976.81
Yemen,YEM,2006,293776.25
Yemen,YEM,2007,1218336
Yemen,YEM,2008,1730212.6
Yemen,YEM,2009,2582401.2
Yemen,YEM,2010,3304167
Yemen,YEM,2011,4111230.8
Yemen,YEM,2012,4960676
Yemen,YEM,2013,5862590.5
Yemen,YEM,2014,6816032.5
Yemen,YEM,2015,7504861
Yemen,YEM,2016,7892138
Yemen,YEM,2019,6141336
Zambia,ZMB,1990,0
Zambia,ZMB,1994,581.471
Zambia,ZMB,1995,771.38995
Zambia,ZMB,1996,816.6676
Zambia,ZMB,1997,861.81793
Zambia,ZMB,1998,2863.6873
Zambia,ZMB,1999,14317.808
Zambia,ZMB,2000,19140.852
Zambia,ZMB,2001,24071.057
Zambia,ZMB,2002,50870.668
Zambia,ZMB,2003,107692.29
Zambia,ZMB,2004,124720.18
Zambia,ZMB,2005,152344.64
Zambia,ZMB,2006,194072.86
Zambia,ZMB,2007,238736.61
Zambia,ZMB,2008,286469.12
Zambia,ZMB,2009,337259.72
Zambia,ZMB,2010,418967.8
Zambia,ZMB,2011,505322.88
Zambia,ZMB,2012,611458.75
Zambia,ZMB,2013,739151.9
Zambia,ZMB,2014,1033195.44
Zambia,ZMB,2015,1443119.9
Zambia,ZMB,2016,1742185.6
Zambia,ZMB,2017,2127841
Zambia,ZMB,2018,2570220
Zambia,ZMB,2019,2679304.2
Zambia,ZMB,2020,2791400.8
Zambia,ZMB,2021,2905627
Zambia,ZMB,2022,3022940.8
Zambia,ZMB,2023,3409237.2
Zambia,ZMB,2024,3645070.8
Zimbabwe,ZWE,1990,0
Zimbabwe,ZWE,1994,189.19278
Zimbabwe,ZWE,1995,842.8492
Zimbabwe,ZWE,1996,1874.6045
Zimbabwe,ZWE,1997,3763.4128
Zimbabwe,ZWE,1998,9460.947
Zimbabwe,ZWE,1999,19089.201
Zimbabwe,ZWE,2000,47738.695
Zimbabwe,ZWE,2001,95756.78
Zimbabwe,ZWE,2002,132964.19
Zimbabwe,ZWE,2003,220181.8
Zimbabwe,ZWE,2004,259683.81
Zimbabwe,ZWE,2005,299602.38
Zimbabwe,ZWE,2006,303274.7
Zimbabwe,ZWE,2007,384121.72
Zimbabwe,ZWE,2008,453570.22
Zimbabwe,ZWE,2009,525711.56
Zimbabwe,ZWE,2010,854819.1
Zimbabwe,ZWE,2011,1142015.6
Zimbabwe,ZWE,2012,1658146.4
Zimbabwe,ZWE,2013,2172140.2
Zimbabwe,ZWE,2014,2324997.2
Zimbabwe,ZWE,2015,3274738.8
Zimbabwe,ZWE,2016,3375588
Zimbabwe,ZWE,2017,3614245.8
Zimbabwe,ZWE,2018,3758613
Zimbabwe,ZWE,2019,4060397
Zimbabwe,ZWE,2020,4549155.5
Zimbabwe,ZWE,2021,5148690
Zimbabwe,ZWE,2022,5826077.5
Zimbabwe,ZWE,2023,6319780.5
Zimbabwe,ZWE,2024,6927018.5